fhrs_address,DPA_MATCH_DESCRIPTION,DPA_UPRN,plot_address,plot_lng,plot_lat
"Purn News, 4 Wild Goose Drive, London, SE14 5LL",PARTIAL,1.00E+11,"BEST BUYS, 4-6, WILD GOOSE DRIVE, LONDON, SE14 5LL",-0.051244813,51.47304116
"Stars of Hope Pre School, Barnes Wallis Community Centre, 74 Wild Goose Drive, London, SE14 5LL",EXACT,1.00E+11,"74, WILD GOOSE DRIVE, LONDON, SE14 5LL",-0.050928031,51.47270317
"1st choice day nursery, 186-188 Peckham High Street, London, SE15 5EG",GOOD,2.00E+11,"186, PECKHAM HIGH STREET, LONDON, SE15 5EG",-0.06531419,51.47369682
"99p stores ltd, 87-91 Rye Lane, London, SE15 5EX",EXACT,2.00E+11,"99P STORE, 87-91, RYE LANE, LONDON, SE15 5EX",-0.068838777,51.47104814
"A & a butchers and grocers, 100 Rye Lane, London, SE15 4RZ",GOOD,2.00E+11,"ACE FOODS, 100, RYE LANE, LONDON, SE15 4RZ",-0.068422812,51.46930571
"A 1 superstore, 2 Choumert Road, London, SE15 4SE",PARTIAL,2.00E+11,"1 GIRDLERS COTTAGES, CHOUMERT ROAD, LONDON, SE15 4SF",-0.069250616,51.46811433
"A g flowers, 139 Evelina Road, London, SE15 3HB",EXACT,2.00E+11,"A G FLOWERS, 139, EVELINA ROAD, LONDON, SE15 3HB",-0.057241665,51.4657667
"Afro-caribbean food vegetables & fruits, Pitch 2 & 5, Parkstone Road, London, SE15 4UQ",,,,,
"Agrobeso, 139 Peckham High Street, London, SE15 5SL",GOOD,2.00E+11,"AGROBEJO, 139, PECKHAM HIGH STREET, LONDON, SE15 5SL",-0.066907977,51.47414576
"Agua na boca ltd, 28b Fenwick Road, London, SE15 4HW",GOOD,2.00E+11,"28B, FENWICK ROAD, LONDON, SE15 4HW",-0.068153837,51.46340209
"Ali baba juice & matcha, 125B Rye Lane, SE15 4ST",PARTIAL,2.00E+11,"MIGHTY POUND, 117-125, RYE LANE, LONDON, SE15 4ST",-0.068440133,51.47025921
"Ali's greengrocery, 115 Rye Lane, London, SE15 4ST",GOOD,2.00E+11,"ALIS GREENGROCERS, 115, RYE LANE, LONDON, SE15 4ST",-0.068414738,51.47051958
"Alpha off licence, 24 Peckham Rye, London, SE15 4JR",GOOD,2.00E+11,"ALPHA OFF LICENSE, 24, PECKHAM RYE, LONDON, SE15 4JR",-0.066793598,51.46595157
"Amott road pre-school (day nursery kitchen), Baptist Church, Amott Road, London, SE15 4HU",GOOD,2.00E+11,"AMOTT ROAD BAPTIST CHURCH, AMOTT ROAD, LONDON, SE15 4HU",-0.071749317,51.46348826
"Anderson & co, 139 Bellenden Road, London, SE15 4DH",EXACT,2.00E+11,"ANDERSON & CO, 139, BELLENDEN ROAD, LONDON, SE15 4DH",-0.072330031,51.46713084
"Ar cash & carry, 78 Rye Lane, London, SE15 4RY",GOOD,2.00E+11,"78, RYE HILL PARK, LONDON, SE15 3JU",-0.056051962,51.45988375
"Arati newsagents, 125 Evelina Road, London, SE15 3HB",GOOD,2.00E+11,"ARATI NEWS, 125, EVELINA ROAD, LONDON, SE15 3HB",-0.056695217,51.46609037
"Argos distributors ltd, 54-56 Rye Lane, London, SE15 5BY",GOOD,2.00E+11,"ARGOS LTD, 54, RYE LANE, LONDON, SE15 5BY",-0.069900163,51.47080483
"Artusi, 161 Bellenden Road, London, SE15 4DH",GOOD,2.00E+11,"ARTUS, 161, BELLENDEN ROAD, LONDON, SE15 4DH",-0.072654135,51.4666146
"Asda supermarket, 174 Rye Lane, London, SE15 4NB",GOOD,2.00E+11,"ASDA STORES LTD, 174, RYE LANE, LONDON, SE15 4NF",-0.067185256,51.4675857
"Asian take away, Forecourt After, 125 Rye Lane, London, SE15 4ST",PARTIAL,10000812933,"RYE LANE CHINESE, 125, RYE LANE, LONDON, SE15 4ST",-0.068329959,51.47014049
"Astar fish bar, 98 Evelina Road, London, SE15 3HL",GOOD,2.00E+11,"A* FISH BAR, 98, EVELINA ROAD, LONDON, SE15 3HL",-0.056372465,51.46657062
"Auntie sue variety store, Units 37 And 38 Rye Lane Mark, 48 Rye Lane, London, SE15 5BY",GOOD,10000819121,"SKY ASSOCIATES LTD, RYE LANE MARKET, 48, RYE LANE, LONDON, SE15 5BY",-0.069766087,51.47125225
"Aunty sue varieties store, Unit 39 Rye Lane Market, 48 Rye Lane, London, SE15 5BY",GOOD,10000819121,"SKY ASSOCIATES LTD, RYE LANE MARKET, 48, RYE LANE, LONDON, SE15 5BY",-0.069766087,51.47125225
"Avondale mini market, 63 Avondale Rise, London, SE15 4AJ",EXACT,2.00E+11,"AVONDALE MINI MARKET, 63, AVONDALE RISE, LONDON, SE15 4AJ",-0.077320471,51.46520743
"Bahar kebab, 157 Queens Road, London, SE15 2ND",EXACT,10090749818,"BAHAR KEBAB, 157, QUEENS ROAD, LONDON, SE15 2ND",-0.056928167,51.47351875
"Bajan spice, 28 Nunhead Green, London, SE15 3QF",EXACT,2.00E+11,"BAJAN SPICE, 28, NUNHEAD GREEN, LONDON, SE15 3QF",-0.058166746,51.46534138
"Bambuni, 143 Evelina Road, London, SE15 3HB",EXACT,2.00E+11,"BAMBUNI, 143, EVELINA ROAD, LONDON, SE15 3HB",-0.057373439,51.46571492
"Bangura african food, Unit 18, 137-139 Rye Lane, London, SE15 4ST",GOOD,2.00E+11,"138, RYE LANE, LONDON, SE15 4RZ",-0.067840182,51.4684418
"Bar story, Arch 213, Blenheim Grove, London, SE15 4QL",PARTIAL,2.00E+11,"ALL SAINTS VICARAGE, BLENHEIM GROVE, LONDON, SE15 4QS",-0.069276653,51.46920286
"Barry's deli, 3-5 Station Way, London, SE15 4RX",EXACT,2.00E+11,"3-5, STATION WAY, LONDON, SE15 4RX",-0.06921525,51.46997522
"Barsat cash and carry, 82 Rye Lane, London, SE15 4RY",EXACT,2.00E+11,"BARSAT CASH & CARRY, 82, RYE LANE, LONDON, SE15 4RY",-0.068758991,51.46986879
"Belgo club, 56 Peckham High Street, London, SE15 5DP",GOOD,2.00E+11,"56, PECKHAM HILL STREET, LONDON, SE15 5JY",-0.070253427,51.47710549
"Bellenden primary school, Bellenden Junior And Infant Sc, Reedham Street, London, SE15 4PF",GOOD,2.00E+11,"BELLENDEN JUNIOR & INFANT SCHOOL, REEDHAM STREET, LONDON, SE15 4PF",-0.070680002,51.46699579
"Bims african food ltd, 122 Rye Lane, London, SE15 4RZ",GOOD,2.00E+11,"122, RYE LANE, LONDON, SE15 4RZ",-0.068043096,51.4687509
"Bims african store, 102 Rye Lane, London, SE15 4RZ",GOOD,2.00E+11,"BIMS AFRICAN FOOD STORE, 102, RYE LANE, LONDON, SE15 4RZ",-0.068382303,51.46924209
"Binder off licence, 149 Peckham High Street, London, SE15 5SL",GOOD,2.00E+11,"BINDER LONDON LTD, 149, PECKHAM HIGH STREET, LONDON, SE15 5SL",-0.066475523,51.47415662
"Bit by bit, 4 Atwell Road, London, SE15 4TW",GOOD,10000817605,"4, MARSDEN ROAD, LONDON, SE15 4EE",-0.075038914,51.46365922
"Black elderly group southwark (b e, 86 Bellenden Road, London, SE15 4RQ",GOOD,2.00E+11,"BLACK ELDERLY GROUP SOUTHWARK, ELIM HOUSE, 86, BELLENDEN ROAD, LONDON, SE15 4RQ",-0.07343185,51.4700266
"Boots co plc, 20 Rye Lane, London, SE15 5BS",EXACT,2.00E+11,"BOOTS THE CHEMISTS LTD, 20, RYE LANE, LONDON, SE15 5BS",-0.070081439,51.47230959
"Bottles off licence, 27 Peckham High Street, London, SE15 5EB",EXACT,2.00E+11,"BOTTLES OFF LICENCE, 27, PECKHAM HIGH STREET, LONDON, SE15 5EB",-0.072398469,51.47370559
"Bp  connect, 95 Peckham Road, London, SE15 5LJ",GOOD,1.00E+11,"95, WICKHAM ROAD, LONDON, SE4 1NH",-0.033349001,51.4615914
"Brayards chicken, 128 Brayards Road, London, SE15 2BU",EXACT,2.00E+11,"BRAYARDS CHICKEN, 128, BRAYARDS ROAD, LONDON, SE15 2BU",-0.056880284,51.46952864
"Breakfast club, Oliver Goldsmith Primary Schoo, Peckham Road, London, SE5 8UH",GOOD,2.00E+11,"OLIVER GOLDSMITH PRIMARY SCHOOL, 83, PECKHAM ROAD, LONDON, SE5 8UH",-0.077942787,51.47472285
"Brick brewery, Railway Arch 209, Blenheim Grove, London, SE15 4QL",GOOD,2.00E+11,"RAILWAY ARCH 209-210, BLENHEIM GROVE, LONDON, SE15 4QL",-0.070823386,51.46939919
"Burger king, 46-52 Peckham High Street, London, SE15 5DP",GOOD,2.00E+11,"47A, PECKHAM HIGH STREET, LONDON, SE15 5EB",-0.071168536,51.47350551
"Butt seafood ltd, 30 Rye Lane, London, SE15 5BS",EXACT,2.00E+11,"UK FOODS, 30, RYE LANE, LONDON, SE15 5BS",-0.070113274,51.47189645
"Cafe al ayaan, Unit 17, 137-139 Rye Lane, London, SE15 4ST",PARTIAL,2.00E+11,"SELECT & SAVE, UNIT 17, AYLESHAM CENTRE, RYE LANE, LONDON, SE15 5EW",-0.068681094,51.47273616
"Cafe culture, 42 Peckham Road, London, SE5 8PX",EXACT,2.00E+11,"CULTURE CAFE, 42, PECKHAM ROAD, LONDON, SE5 8PX",-0.0812091,51.47340947
"Cafe spice, 88 Rye Lane, London, SE15 4RZ",EXACT,2.00E+11,"CAFE SPICE, 88, RYE LANE, LONDON, SE15 4RZ",-0.068525773,51.46959517
"Cafe viva ltd, 44 Choumert Road, London, SE15 4SE",EXACT,2.00E+11,"CAFE VIVA, 44, CHOUMERT ROAD, LONDON, SE15 4SE",-0.069120746,51.46812118
"Cafe world, 131 Peckham High Street, London, SE15 5SL",EXACT,2.00E+11,"CAFE WORLD, 131, PECKHAM HIGH STREET, LONDON, SE15 5SL",-0.067194634,51.47417747
"Camberwell college of art & design - senior common room club, 45-65 Peckham Road, London, SE5 8UF",GOOD,2.00E+11,"56A, PECKHAM ROAD, LONDON, SE5 8PX",-0.079890582,51.47360371
"Canavans peckham pool club, 188 Rye Lane, London, SE15 4NF",GOOD,2.00E+11,"CANAVANS SNOOKER CLUB, 188, RYE LANE, LONDON, SE15 4NF",-0.066755569,51.46719193
"Capital catering, Peckham Bus Garage, Blackpool Road, London, SE15 3SU",GOOD,2.00E+11,"LONDON CENTRAL BUS CO LTD, PECKHAM BUS GARAGE, BLACKPOOL ROAD, LONDON, SE15 3SU",-0.064252998,51.46930717
"Carnation supermarket, 151a Rye Lane, London, SE15 4TL",GOOD,2.00E+11,"151A, PECKHAM RYE, LONDON, SE15 3UL",-0.062314493,51.46157014
"Chartwells, Harris Primary Free School Pec, 112 Peckham Road, London, SE15 5DZ",PARTIAL,2.00E+11,"SCHOOL HOUSE, PECKHAM ROAD, LONDON, SE15 5DZ",-0.074051396,51.47377772
"Chartwells, Hollydale Road Primary School, Hollydale Road, London, SE15 2AR",GOOD,2.00E+11,"HOLLYDALE PRIMARY SCHOOL, HOLLYDALE ROAD, LONDON, SE15 2AR",-0.052538478,51.46768504
"Chartwells, St Thomas The Apostle College, Hollydale Road, London, SE15 2EB",GOOD,2.00E+11,"ST. THOMAS THE APOSTLE COLLEGE, HOLLYDALE ROAD, LONDON, SE15 2EB",-0.056339141,51.47074267
"Cheung's, 289 Rye Lane, London, SE15 4UA",GOOD,2.00E+11,"CHEUNG TAKE AWAY, 289, RYE LANE, LONDON, SE15 4UA",-0.065688062,51.46587938
"Chick chicken, 117 Peckham High Street, London, SE15 5SE",GOOD,2.00E+11,"CHICK KING, 117, PECKHAM HIGH STREET, LONDON, SE15 5SE",-0.068349616,51.47410657
"China ho lok, 30 Ivanhoe Road, London, SE5 8DJ",PARTIAL,2.00E+11,"SEASON CHINESE, 30, IVANHOE ROAD, LONDON, SE5 8DJ",-0.079729959,51.46542677
"Christine's meat shop, 211 Rye Lane, London, SE15 4TP",GOOD,2.00E+11,"CHRISTINES BUTCHERY, 211, RYE LANE, LONDON, SE15 4TP",-0.066463969,51.46761877
"Cod fella, 125 Bellenden Road, London, SE15 4QY",GOOD,2.00E+11,"COD FELLAS, 125, BELLENDEN ROAD, LONDON, SE15 4QY",-0.072274364,51.46776841
"Convenience store, 64 Nunhead Lane, London, SE15 3QE",GOOD,2.00E+11,"NUNHEAD MINI MARKET, 64, NUNHEAD LANE, LONDON, SE15 3QE",-0.058878401,51.46451685
"Copeland park cafe, The Clf Art Cafe, 133 Copeland Road, London, SE15 3SN",,,,,
"Copleston centre, Copleston Centre, Copleston Road, London, SE15 4AN",EXACT,2.00E+11,"COPLESTON CENTRE, COPLESTON ROAD, LONDON, SE15 4AN",-0.076992274,51.46582254
"Criterion  restaurant, 129 Peckham High Street, London, SE15 5SL",GOOD,2.00E+11,"THE CRITERION, 129, PECKHAM HIGH STREET, LONDON, SE15 5SL",-0.067295362,51.47417913
"Crossroads cafe, 190 Bellenden Road, London, SE15 4BW",EXACT,2.00E+11,"CROSSROADS CAFE, 190, BELLENDEN ROAD, LONDON, SE15 4BW",-0.07304487,51.46690878
"Crossways cafe, 93 Evelina Road, London, SE15 3HL",EXACT,2.00E+11,"CROSSWAYS CAFE, 93, EVELINA ROAD, LONDON, SE15 3HL",-0.055342177,51.46676037
"Cuisine africana, The Aylesham Centre, Rye Lane, London, SE15 5EW",PARTIAL,10009804746,"FLAT C, 1-2 CENTRAL BUILDINGS, RYE LANE, LONDON, SE15 5DW",-0.070088198,51.47317299
"Cynthia a's cakes sugarcraft, Unit 10, 137-139 Rye Lane, London, SE15 4ST",GOOD,2.00E+11,"138, RYE LANE, LONDON, SE15 4RZ",-0.067840182,51.4684418
"Dans food, 97 Queens Road, London, SE15 2EZ",EXACT,2.00E+11,"DANS FOOD, 97, QUEENS ROAD, LONDON, SE15 2EZ",-0.060401135,51.47410125
"Daphanies taste of the caribbean, 173 Peckham High Street, London, SE15 5SL",GOOD,2.00E+11,"DAPHNES, 173, PECKHAM HIGH STREET, LONDON, SE15 5SL",-0.065264878,51.47418161
"Ddk jerk centre, 8-10 Blenheim Grove, London, SE15 4QL",GOOD,2.00E+11,"9, BLENHEIM GROVE, LONDON, SE15 4QS",-0.069907083,51.46927619
"Delight cafe - uckg help centre, 178 Rye Lane, London, SE15 4NF",GOOD,2.00E+11,"U C K G HELP CENTRE, 176-178, RYE LANE, LONDON, SE15 4NF",-0.066974377,51.46746532
"Delta express pizza, 9 Peckham High Street, London, SE15 5EB",GOOD,10091837436,"DELTA EXPRESS CHICKEN, 9, PECKHAM HIGH STREET, LONDON, SE15 5EB",-0.072980874,51.47389502
"Dennis butchers, 135 Peckham High Street, London, SE15 5SL",EXACT,2.00E+11,"DENNIS BUTCHERS, 135, PECKHAM HIGH STREET, LONDON, SE15 5SL",-0.067051115,51.47416611
"Destiny kids nursery, Copleston Centre, Copleston Road, London, SE15 4AN",GOOD,2.00E+11,"COPLESTON CENTRE, COPLESTON ROAD, LONDON, SE15 4AN",-0.076992274,51.46582254
"Dixie chicken, 16 Peckham High Street, London, SE15 5DT",GOOD,10091837532,"DIXIE FRIED CHICKEN, 16, PECKHAM HIGH STREET, LONDON, SE15 5DT",-0.072560927,51.47326762
"East dulwich community nursery, 6-7 Whaddon House Dog Kennel H, Albrighton Road, London, SE22 8AQ",GOOD,10091872820,"EAST DULWICH COMMUNITY NURSERY, 6-7 WHADDON HOUSE, EAST DULWICH ESTATE, LONDON, SE22 8AQ",-0.0809743,51.46459285
"East dulwich estate community project & tenants as, Albrighton Community Centre, 37 Albrighton Road, London, SE22 8AH",GOOD,2.00E+11,"ALBRIGHTON COMMUNITY CENTRE, 37, ALBRIGHTON ROAD, LONDON, SE22 8AH",-0.081606948,51.46461219
"F c soper, 141 Evelina Road, London, SE15 3HB",GOOD,2.00E+11,"F C SOPERS, 141, EVELINA ROAD, LONDON, SE15 3HB",-0.057301886,51.46570475
"Flock and herd, 155 Bellenden Road, London, SE15 4DH",GOOD,2.00E+11,"FLOCK X HERD, 155, BELLENDEN ROAD, LONDON, SE15 4DH",-0.072621574,51.46670399
"Forza win ltd, Unit 4.1 Copeland Industrial P, 133 Copeland Road, London, SE15 3SN",,,,,
"Four quarters, 187 Rye Lane, London, SE15 4TP",GOOD,2.00E+11,"THE FOUR QUARTERS, 187, RYE LANE, LONDON, SE15 4TP",-0.066862602,51.46806598
"Frank's cafe and campari bar, Level 10 Peckham Rye Car Park, 95A Rye Lane, London, SE15 4ST",,,,,
"Fresh fish & seafood, 77 Rye Lane, London, SE15 5EX",GOOD,2.00E+11,"77, RYE HILL PARK, LONDON, SE15 3JS",-0.05485965,51.45948628
"Fresh fruit & vegetable for you, 161 Peckham Hill Street, London, SE15 5JZ",GOOD,2.00E+11,"HILL STREET FRUIT & VEG, 161, PECKHAM HILL STREET, LONDON, SE15 5JZ",-0.068647593,51.47455212
"Frog on the green, 119 Consort Road, London, SE15 3RU",EXACT,2.00E+11,"119, CONSORT ROAD, LONDON, SE15 3RU",-0.061847332,51.4678393
"Full garden, 230 Rye Lane, London, SE15 4NL",GOOD,2.00E+11,"FULL GARDEN CHINESE TAKEAWAY, 230, RYE LANE, LONDON, SE15 4NL",-0.066448636,51.46627861
"Fung sing, 40 Peckham Road, London, SE5 8PX",GOOD,10023234336,"40B-40E, WICKHAM ROAD, LONDON, SE4 1NZ",-0.030576431,51.46680559
"Ganapati south indian restaurant, 38 Holly Grove, London, SE15 5DF",GOOD,2.00E+11,"GNAPATTI RESTAURANT, 38, HOLLY GROVE, LONDON, SE15 5DF",-0.073071379,51.46969694
"Ganapati takeaway kitchen, 4 Maxted Road, London, SE15 4LL",GOOD,1.00E+11,"4, MAXEY ROAD, LONDON, SE18 7EL",0.075697116,51.49036784
"General store (london) limited, Part Ground Floor, 174 Bellenden Road, London, SE15 4BW",GOOD,2.00E+11,"THE GENERAL STORE, 174, BELLENDEN ROAD, LONDON, SE15 4BW",-0.07283057,51.46721101
"Ghana mini market, 1 Choumert Road, London, SE15 4SE",EXACT,2.00E+11,"GHANA MINI MARKET, 1, CHOUMERT ROAD, LONDON, SE15 4SE",-0.067725876,51.46808021
"God bless new cafe, 14 Choumert Road, London, SE15 4SE",GOOD,2.00E+11,"GOD BLESS, 14, CHOUMERT ROAD, LONDON, SE15 4SE",-0.068296079,51.46821551
"Goitom behr, 144-150 Rye Lane, London, SE15 4RZ",GOOD,2.00E+11,"149, RYE LANE, LONDON, SE15 4ST",-0.067709092,51.46915905
"Golden noodle, 177 Queens Road, London, SE15 2ND",GOOD,2.00E+11,"GOLDEN NOODLES, 177, QUEENS ROAD, LONDON, SE15 2ND",-0.056479743,51.47353272
"Golden taste, 18a Peckham Rye, London, SE15 4JR",PARTIAL,2.00E+11,"51 TROY TOWN FLATS, PECKHAM RYE, LONDON, SE15 4NS",-0.067291497,51.46575295
"Gosling nursery, 106 Evelina Road, London, SE15 3HL",GOOD,2.00E+11,"GOSLINGS NURSERY, 106, EVELINA ROAD, LONDON, SE15 3HL",-0.056607626,51.46645762
"Gosnells beverages ltd, Unit 10 Print Village, 58 Chadwick Road, London, SE15 4PU",GOOD,10091837468,"POLAR BEAR EUROPE LTD, UNIT 10, PRINT VILLAGE, 58, CHADWICK ROAD, LONDON, SE15 4PU",-0.074116397,51.46813141
"Gowlett arms, 62 Gowlett Road, London, SE15 4HY",EXACT,2.00E+11,"GOWLETT ARMS, 62, GOWLETT ROAD, LONDON, SE15 4HY",-0.070497675,51.46380939
"Greenhive, 50 Brayards Road, London, SE15 2BQ",GOOD,2.00E+11,"GREENHIVE HOUSE, 50, BRAYARDS ROAD, LONDON, SE15 2BQ",-0.061842595,51.46863057
"Greggs, Unit 8 The Aylesham Centre, Rye Lane, London, SE15 5EW",GOOD,2.00E+11,"GREGGS, UNIT 8, AYLESHAM CENTRE, RYE LANE, LONDON, SE15 5EW",-0.068681094,51.47273616
"Greggs the bakers, 66 Peckham High Street, London, SE15 5DP",GOOD,2.00E+11,"66, PECKHAM HILL STREET, LONDON, SE15 5JY",-0.070000107,51.47662471
"Gregsons pharmacy ltd, 60 Nunhead Lane, London, SE15 3QE",EXACT,2.00E+11,"SHEEL PHARMACY, 60, NUNHEAD LANE, LONDON, SE15 3QE",-0.058996545,51.46444686
"Guidetti fine foods & wines, Unit C Astbury Business Park, Astbury Road, London, SE15 2NW",GOOD,2.00E+11,"GUIDETTI FINE FOODS, UNIT C, ASTBURY BUSINESS PARK, ASTBURY ROAD, LONDON, SE15 2NW",-0.055855117,51.47535408
"H barry, 60-62 Gibbon Road, London, SE15 3XE",GOOD,2.00E+11,"60, GIBBON ROAD, LONDON, SE15 3XE",-0.051841612,51.46646844
"H.a smith & son, 111-113 Evelina Road, London, SE15 3HB",GOOD,2.00E+11,"111B, EVELINA ROAD, LONDON, SE15 3HB",-0.056299507,51.46625467
"Hagi vegetable & grocery, 143 Peckham High Street, London, SE15 5SL",GOOD,2.00E+11,"HAGI VEG GROCERS, 143, PECKHAM HIGH STREET, LONDON, SE15 5SL",-0.06671977,51.47416964
"Haji baba halal meats, 174 Rye Lane, London, SE15 4NB",GOOD,2.00E+11,"174, RYE HILL PARK, LONDON, SE15 3JT",-0.055381967,51.45972876
"Harte's irish meat market, 59 Rye Lane, London, SE15 5EX",GOOD,2.00E+11,"59, RYE HILL PARK, LONDON, SE15 3JN",-0.055187189,51.4602471
"Hax international, 156-158 Rye Lane, London, SE15 4NB",GOOD,2.00E+11,"157-159, RYE LANE, LONDON, SE15 4TL",-0.067434238,51.46884877
"Highshore school, Highshore School, Bellenden Road, London, SE15 5BB",EXACT,2.00E+11,"HIGHSHORE SCHOOL, BELLENDEN ROAD, LONDON, SE15 5BB",-0.072399627,51.47231175
"Holland & barrett ltd, Unit 9 Aylesham Centre, Rye Lane, SE15 5EW",GOOD,2.00E+11,"HOLLAND & BARRETT LTD, UNIT 9, AYLESHAM CENTRE, RYE LANE, LONDON, SE15 5EW",-0.068681094,51.47273616
"Hollydale tavern, 115 Hollydale Road, London, SE15 2TF",EXACT,2.00E+11,"HOLLYDALE TAVERN, 115, HOLLYDALE ROAD, LONDON, SE15 2TF",-0.056286164,51.46961771
"Hoopers, 28 Ivanhoe Road, London, SE5 8DH",EXACT,10091664572,"28, IVANHOE ROAD, LONDON, SE5 8DH",-0.079601755,51.46571648
"Iceland frozen foods, 74 Rye Lane, London, SE15 5DQ",GOOD,2.00E+11,"74, RYE HILL PARK, LONDON, SE15 3JU",-0.056051962,51.45988375
"Il giardino restaurant, 7 Blenheim Grove, London, SE15 4QS",EXACT,2.00E+11,"IL GIARDINO RESTAURANT, 7, BLENHEIM GROVE, LONDON, SE15 4QS",-0.069092232,51.4694786
"In house catering john donne primary school, John Donne Primary School, Woods Road, London, SE15 2SW",GOOD,2.00E+11,"JOHN DONNE PRIMARY SCHOOL, WOODS ROAD, LONDON, SE15 2SW",-0.061324249,51.47304639
"Isatus kitchen, 4 Station Way, London, SE15 4RX",GOOD,2.00E+11,"2-4, STATION WAY, LONDON, SE15 4RX",-0.069071364,51.46997285
"Iss caterhouse, 83 Peckham Road, London, SE5 8UH",GOOD,1.00E+11,"FIRST FLOOR FLAT, 83, WICKHAM ROAD, LONDON, SE4 1NH",-0.03304313,51.46200893
"Iss caterhouse, St James The Great School, Peckham Road, London, SE15 5LP",GOOD,10000812518,"ST. JAMES THE GREAT CATHOLIC PRIMARY SCHOOL, PECKHAM ROAD, LONDON, SE15 5LP",-0.073120227,51.47434694
"Iss caterhouse ltd, St Johns And St Clements Prima, Adys Road, London, SE15 4DY",GOOD,2.00E+11,"ST. JOHNS & ST. CLEMENTS PRIMARY SCHOOL, ADYS ROAD, LONDON, SE15 4DY",-0.071794757,51.46309333
"Iya pupa, 30 Choumert Road, London, SE15 4SE",GOOD,2.00E+11,"TESSAS BARGAIN, 30, CHOUMERT ROAD, LONDON, SE15 4SE",-0.068700839,51.46817721
"J & j butchers, 132 Rye Lane, London, SE15 4RZ",EXACT,2.00E+11,"J & J BUTCHERS, 132, RYE LANE, LONDON, SE15 4RZ",-0.067965878,51.4685338
"J & t fish & seafood, 7C Choumert Road, London, SE15 4SE",GOOD,10009801326,"J & T FISH, 7C, CHOUMERT ROAD, LONDON, SE15 4SE",-0.068639146,51.46793339
"J f ayre ltd, 131-133 Evelina Road, London, SE15 3HB",EXACT,2.00E+11,"J F AYRE LTD, 131-133, EVELINA ROAD, LONDON, SE15 3HB",-0.056857675,51.46599414
"Jaffa food store, 168 Rye Lane, London, SE15 4NB",GOOD,10090286043,"JAFFA FOODS, 168, RYE LANE, LONDON, SE15 4NB",-0.067352609,51.46773441
"Jamaica spice ltd, 207 Rye Lane, London, SE15 4TP",EXACT,2.00E+11,"TASTY BAKERY, 207, RYE LANE, LONDON, SE15 4TP",-0.06659118,51.46767482
"Jb's soul food, 27a Peckham High Street, London, SE15 5EB",PARTIAL,10091837438,"RAM JAM TAKEAWAY, 27A, PECKHAM HIGH STREET, LONDON, SE15 5EB",-0.072398469,51.47370559
"Jenny's, 12 Station Way, London, SE15 4RX",GOOD,2.00E+11,"12, CLIFTON WAY, LONDON, SE15 2LG",-0.057314033,51.47660405
"Jerkiz caribbean cuisine, 100 Evelina Road, London, SE15 3HL",GOOD,2.00E+11,"NKEMS AFRICAN QUISINE, 100, EVELINA ROAD, LONDON, SE15 3HL",-0.056487182,51.46658152
"Julian supermarket, 137 Brayards Road, London, SE15 2BX",EXACT,2.00E+11,"JULIAN SUPERMARKET, 137, BRAYARDS ROAD, LONDON, SE15 2BX",-0.057375476,51.46973468
"K & k butchers, 146-150 Rye Lane, London, SE15 4RZ",EXACT,2.00E+11,"K & K BUTCHERS, 146-150, RYE LANE, LONDON, SE15 4RZ",-0.067789843,51.46827011
"K&a centre ltd, 90-92 Rye Lane, London, SE15 4RZ",EXACT,2.00E+11,"K & A FOODS, 90-92, RYE LANE, LONDON, SE15 4RZ",-0.068514042,51.46953202
"Kairos, John Kitchen Centre, 22 Linden Grove, London, SE15 3LF",GOOD,1.00E+11,"22, LINDEN GROVE, LONDON, SE26 5PH",-0.052247977,51.41870594
"Kam foh, 19 Peckham High Street, London, SE15 5EB",EXACT,2.00E+11,"KAM FOH, 19, PECKHAM HIGH STREET, LONDON, SE15 5EB",-0.072640064,51.4737815
"Kapadokya, 44 Peckham Rye, London, SE15 4JR",GOOD,2.00E+11,"KAPADOKYA FISH SHOP, 44, PECKHAM RYE, LONDON, SE15 4JR",-0.066759978,51.46538448
"Kashmir grocers, 18 Choumert Road, London, SE15 4SE",GOOD,10091838253,"KASMIR GROCERS, 18-20, CHOUMERT ROAD, LONDON, SE15 4SE",-0.068382787,51.46820794
"Katies, 165 Peckham Hill Street, London, SE15 5JZ",EXACT,2.00E+11,"KATIES, 165, PECKHAM HILL STREET, LONDON, SE15 5JZ",-0.068593829,51.47446131
"Katies kebab, 130 Peckham Hill Street, London, SE15 5JT",GOOD,2.00E+11,"KATIES KEBABS, 130, PECKHAM HILL STREET, LONDON, SE15 5JT",-0.068955127,51.47408957
"Keerthanaa store, 97 Azenby Road, London, SE15 5AJ",,,,,
"Kentucky fried chicken, 32 Rye Lane, London, SE15 5BS",GOOD,2.00E+11,"32-36, RYE LANE, LONDON, SE15 5BS",-0.070103435,51.47178837
"Kgf (kingdom gift centre), 208 Rye Lane, London, SE15 4NL",,,,,
"Khan's bargain limited (grocery), 135 Rye Lane, London, SE15 4ST",EXACT,2.00E+11,"KHANS BARGAIN LTD, 135, RYE LANE, LONDON, SE15 4ST",-0.06726411,51.46980818
"Khf, 35 Peckham High Street, London, SE15 5EB",EXACT,2.00E+11,"35, PECKHAM HIGH STREET, LONDON, SE15 5EB",-0.071726321,51.47359562
"Kim lien, 47 Peckham High Street, London, SE15 5EB",GOOD,2.00E+11,"KIN LIEN MINI MARKET, 47, PECKHAM HIGH STREET, LONDON, SE15 5EB",-0.071153388,51.47352325
"King valley fried chicken, 56 Gibbon Road, London, SE15 3XE",GOOD,1.00E+11,"56, GILTON ROAD, LONDON, SE6 1PJ",0.002226648,51.43337241
"Kitchen 54, 119 Queens Road, London, SE15 2EZ",GOOD,1.00E+11,"119, QUEEN MARY ROAD, LONDON, SE19 3NL",-0.103936582,51.4218737
"Kna food centre, 92 Rye Lane, London, SE15 4RZ",GOOD,2.00E+11,"K & A FOODS, 90-92, RYE LANE, LONDON, SE15 4RZ",-0.068514042,51.46953202
"Kristal pharmacy, 127 Evelina Road, London, SE15 3HB",GOOD,2.00E+11,"KRISTALS PHARMACY, 127-129, EVELINA ROAD, LONDON, SE15 3HB",-0.056797454,51.46605609
"Krootown market, 5 Choumert Road, London, SE15 4SE",GOOD,10090285281,"KROO TOWN, 5 THE MARKET, CHOUMERT ROAD, LONDON, SE15 4BG",-0.067712248,51.468062
"Kumasi market, 74 Peckham High Street, London, SE15 5ED",GOOD,2.00E+11,"FLAT A-B, 74, PECKHAM HIGH STREET, LONDON, SE15 5ED",-0.069587573,51.47343453
"Le petit jardin, 48 Rye Lane, SE15 5BY",GOOD,10000819121,"SKY ASSOCIATES LTD, RYE LANE MARKET, 48, RYE LANE, LONDON, SE15 5BY",-0.069766087,51.47125225
"Lerryn's, 200 Rye Lane, London, SE15 4NF",GOOD,2.00E+11,"LERRYNS CAFE, 200, RYE LANE, LONDON, SE15 4NF",-0.066220998,51.46689535
"Lidl uk gmbh, 5 Bellenden Road, London, SE15 5BA",PARTIAL,10000818823,"POUNDSTRETCHERS, 5, BELLENDEN ROAD, LONDON, SE15 5BA",-0.070691854,51.47217575
"Lime tree house, Lime Tree House, 2 Dundas Road, London, SE15 2DL",GOOD,1.00E+11,"2, DUNDALK ROAD, LONDON, SE4 2JL",-0.042433592,51.46392867
"Lions fried chicken, 165 Queens Road, London, SE15 2ND",EXACT,2.00E+11,"165, QUEENS ROAD, LONDON, SE15 2ND",-0.056707684,51.47359046
"Little hut, 59 Peckham High Street, London, SE15 5EB",EXACT,2.00E+11,"LITTLE HUT, 59, PECKHAM HIGH STREET, LONDON, SE15 5EB",-0.070589917,51.47356793
"Little jungle nursery, 60a Amott Road, London, SE15 4JD",EXACT,2.00E+11,"LITTLE JUNGLE NURSERY, 60A, AMOTT ROAD, LONDON, SE15 4JD",-0.071471417,51.46393332
"Little winners day nursery, 281-283 Rye Lane, London, SE15 4UA",GOOD,10091837739,"LITTLE WINNERS NURSERY, 281-283, RYE LANE, LONDON, SE15 4UA",-0.065798219,51.4659981
"Lolak, 38 Choumert Road, London, SE15 4SE",PARTIAL,2.00E+11,"LODAK AFRIQUE RESTAURANT, 38-40, CHOUMERT ROAD, LONDON, SE15 4SE",-0.06902003,51.46811952
"London self storage centre, 37 Peckham Road, London, SE5 8UH",PARTIAL,2.00E+11,"DIVISIONAL SCHOOL CARE ORGANISER, PECKHAM ROAD, LONDON, SE15 5LP",-0.073105459,51.47435569
"M manze, 105 Peckham High Street, London, SE15 5RS",GOOD,2.00E+11,"M MANZE PIE & MASH, 105, PECKHAM HIGH STREET, LONDON, SE15 5RS",-0.068900604,51.47401673
"Magic mind, 54 Linden Grove, London, SE15 3LF",EXACT,2.00E+11,"54, LINDEN GROVE, LONDON, SE15 3LF",-0.058216506,51.46247354
"Man of kent, 2 Nunhead Green, London, SE15 3QF",GOOD,2.00E+11,"MAN OF KENT, 2-4, NUNHEAD GREEN, LONDON, SE15 3QF",-0.058695463,51.46475662
"Mango associates, 145 Peckham High Street, London, SE15 5SL",GOOD,2.00E+11,"MANGO ACCESSORIES, 145, PECKHAM HIGH STREET, LONDON, SE15 5SL",-0.06666183,51.47417767
"Mani caterers, 149-151 Copeland Road, London, SE15 3SN",,,,,
"Marampa koya, 7 The Market, Choumert Road, London, SE15 4BG",GOOD,2.00E+11,"7, CHOUMERT ROAD, LONDON, SE15 4SE",-0.068468009,51.4678946
"Mason & white ltd, 147-149 Peckham Hill Street, London, SE15 5JZ",EXACT,2.00E+11,"LLOYDS PHARMACY, 147-149, PECKHAM HILL STREET, LONDON, SE15 5JZ",-0.068763819,51.47486878
"Mc neils, 26a Peckham Rye, London, SE15 4JR",GOOD,2.00E+11,"MCNEILS, 26A, PECKHAM RYE, LONDON, SE15 4JR",-0.066771338,51.46581739
"Mcdonalds, 72 Rye Lane, London, SE15 5DQ",GOOD,2.00E+11,"72, RYE HILL PARK, LONDON, SE15 3JU",-0.056051962,51.45988375
"Mfc (mediterranean food centre), 261 Rye Lane, London, SE15 4UR",,,,,
"Mighty fine kitchen ltd, Unit 11 Print Village, 58 Chadwick Road, London, SE15 4PU",GOOD,10091837467,"HYPERDUB LTD, UNIT 11, PRINT VILLAGE, 58, CHADWICK ROAD, LONDON, SE15 4PU",-0.074116397,51.46813141
"Monley's, 2a Kirkwood Road, London, SE15 3XX",GOOD,2.00E+11,"MONLEYS CHICKEN, 2A, KIRKWOOD ROAD, LONDON, SE15 3XX",-0.057619432,51.46602475
"Morleys fried chicken, 163 Rye Lane, London, SE15 4TL",PARTIAL,2.00E+11,"163B, RYE LANE, LONDON, SE15 4TL",-0.067115844,51.46854677
"Morleys fried chicken, 189 Queens Road, London, SE15 2ND",EXACT,2.00E+11,"MORLEYS FRIED CHICKEN, 189, QUEENS ROAD, LONDON, SE15 2ND",-0.055906837,51.47346028
"Morleys fried chicken, 10 Peckham High Street, London, SE15 5DT",EXACT,2.00E+11,"10, PECKHAM HIGH STREET, LONDON, SE15 5DT",-0.072853261,51.47350624
"Morrisons, Morrisons Petrol Station The, Rye Lane, London, SE15 5EW",PARTIAL,10009804746,"FLAT C, 1-2 CENTRAL BUILDINGS, RYE LANE, LONDON, SE15 5DW",-0.070088198,51.47317299
"Morrisons, Unit 3 The Aylesham Centre, Rye Lane, London, SE15 5EW",GOOD,2.00E+11,"SPECSAVERS OPTICIANS, UNIT 3, AYLESHAM CENTRE, RYE LANE, LONDON, SE15 5EW",-0.068681094,51.47273616
"Muana london, Unit 2, 12-16 Blenheim Grove, London, SE15 4QL",EXACT,2.00E+11,"MUANA LONDON, UNIT 2, 12-16, BLENHEIM GROVE, LONDON, SE15 4QL",-0.069225493,51.46973259
"New london butchers, 52 Rye Lane, London, SE15 5BY",GOOD,2.00E+11,"LONDON BUTCHERS LTD, 52, RYE LANE, LONDON, SE15 5BY",-0.06977026,51.4711534
"New lotus king, 176 Bellenden Road, London, SE15 4BW",GOOD,2.00E+11,"LOTUS HOUSE TAKE AWAY, 176, BELLENDEN ROAD, LONDON, SE15 4BW",-0.072845715,51.46719328
"Nisa nunhead express, 2 Kirkwood Road, London, SE15 3XX",GOOD,2.00E+11,"NUNHEAD EXPRESS, 2, KIRKWOOD ROAD, LONDON, SE15 3XX",-0.057619813,51.46601576
"No67, 67 Peckham Road, London, SE5 8UH",PARTIAL,2.00E+11,"67, PECKHAM ROAD, LONDON, SE5 8UH",-0.079621803,51.47417484
"Nolo buchans tenants  residents association, Buchan Tenants Hall, Salisbury Terrace, London",PARTIAL,202119969,"CARLTON HOUSE TENANTS & RESIDENTS HALL, CARLTON HOUSE, CANTERBURY TERRACE, LONDON, NW6 5DX",-0.199166017,51.53417205
"Noodle house, 63 Peckham High Street, London, SE15 5EB",EXACT,2.00E+11,"63, PECKHAM HIGH STREET, LONDON, SE15 5EB",-0.070533116,51.47354901
"Nunhead green community centre, 56 Nunhead Lane, London, SE15 3TU",PARTIAL,2.00E+11,"5 NEW JAMES COURT, NUNHEAD LANE, LONDON, SE15 3TT",-0.061816042,51.46416078
"Nunhead pound express, 108 Evelina Road, London, SE15 3HL",GOOD,2.00E+11,"HAIR STYLE PLUS, 108, EVELINA ROAD, LONDON, SE15 3HL",-0.056665939,51.4664406
"O'bar/obalande suya, 43A Peckham High Street, London, SE15 5EB",PARTIAL,2.00E+11,"JESUS CARES INTERNATIONAL, 43A, PECKHAM HIGH STREET, LONDON, SE15 5EB",-0.071388536,51.47375193
"Old nuns head, The Old Nuns Head, 15 Nunhead Green, London, SE15 3QQ",GOOD,2.00E+11,"OLD NUNS HEAD, 15, NUNHEAD GREEN, LONDON, SE15 3QQ",-0.05963803,51.46527581
"Ownlife ltd, 90 Astbury Road, London, SE15 2NW",GOOD,2.00E+11,"90, ASTBURY ROAD, LONDON, SE15 2NW",-0.054799415,51.47579799
"Ozzies cafe, 192A Rye Lane, London, SE15 4NF",GOOD,2.00E+11,"OZZIES COFFEE SHOP, 192A, RYE LANE, LONDON, SE15 4NF",-0.066458748,51.46706114
"Pak butchers (peckham) limited, Unit 14 The Aylesham Centre, Rye Lane, London, SE15 5EW",GOOD,2.00E+11,"PAK BUTCHERS (PECKHAM) LTD, UNIT 14, AYLESHAM CENTRE, RYE LANE, LONDON, SE15 5EW",-0.068681094,51.47273616
"Palace chinese, 22 Gibbon Road, London, SE15 2AS",EXACT,2.00E+11,"22, GIBBON ROAD, LONDON, SE15 2AS",-0.05243608,51.46806103
"Payless, 121-125 Peckham High Street, London, SE15 5SF",GOOD,10091838110,"PAYLESS SUPERMARKET, 121-125, PECKHAM HIGH STREET, LONDON, SE15 5SL",-0.067758495,51.47412381
"Payless, 94-96 Peckham Road, London, SE15 5PY",GOOD,1.00E+11,"95, WICKHAM ROAD, LONDON, SE4 1NH",-0.033349001,51.4615914
"Payless food and wine, 176 Peckham High Street, London, SE15 5EG",EXACT,2.00E+11,"PAYLESS FOOD & WINE, 176, PECKHAM HIGH STREET, LONDON, SE15 5EG",-0.06531419,51.47369682
"Payless supermarket, 10-12 Gibbon Road, London, SE15 2AS",GOOD,2.00E+11,"10, GIBBON ROAD, LONDON, SE15 2AS",-0.052714271,51.46829047
"Peckham afro foods ltd, 64 Rye Lane, London, SE15 5BY",EXACT,2.00E+11,"AFRO FOODS, 64, RYE LANE, LONDON, SE15 5BY",-0.069623741,51.47087222
"Peckham afro foods ltd, 71-73 Rye Lane, London, SE15 5EX",EXACT,2.00E+11,"PECKHAM AFRO FOODS, 71-73, RYE LANE, LONDON, SE15 5EX",-0.06915682,51.47135913
"Peckham greengrocers, 50 Rye Lane, London, SE15 5BY",EXACT,2.00E+11,"PECKHAM GREENGROCERS, 50, RYE LANE, LONDON, SE15 5BY",-0.069783131,51.47118959
"Peckham liberal club, 24 Elm Grove, London, SE15 5DE",EXACT,2.00E+11,"PECKHAM LIBERAL CLUB, 24, ELM GROVE, LONDON, SE15 5DE",-0.070995606,51.47077789
"Peckham refreshment rooms, Unit 4, 12-16 Blenheim Grove, London, SE15 4QL",PARTIAL,2.00E+11,"ALL SAINTS VICARAGE, BLENHEIM GROVE, LONDON, SE15 4QS",-0.069276653,51.46920286
"Peckhamplex, 95A Rye Lane, London, SE15 4ST",PARTIAL,2.00E+11,"PREMIER CINEMA, 95A, RYE LANE, LONDON, SE15 4ST",-0.068838777,51.47104814
"Persepolis - taste of persia, 28 Peckham High Street, London, SE15 5DT",GOOD,2.00E+11,"PERSEOPOLIS FOOD, 28-30, PECKHAM HIGH STREET, LONDON, SE15 5DT",-0.071866817,51.47333714
"Petitou, 63 Choumert Road, London, SE15 4AR",GOOD,2.00E+11,"PETITOU CAFE, 63, CHOUMERT ROAD, LONDON, SE15 4AR",-0.071612534,51.4674158
"Pished fish smokery, 38 Shenley Road, London, SE5 8NN",EXACT,2.00E+11,"38, SHENLEY ROAD, LONDON, SE5 8NN",-0.080877209,51.47239687
"Pound time plus, 131 Queens Road, London, SE15 2NB",GOOD,2.00E+11,"131A-131B, QUEENS ROAD, LONDON, SE15 2ND",-0.058586994,51.47375648
"Poundland, Unit 5-13 The Aylesham Centre, Rye Lane, London, SE15 5EW",PARTIAL,2.00E+11,"HOLLAND & BARRETT LTD, UNIT 9, AYLESHAM CENTRE, RYE LANE, LONDON, SE15 5EW",-0.068681094,51.47273616
"Poundstretcher ltd, Unit 1 To 2 Bellenden Road Bu, Bellenden Road, London, SE15 4RF",GOOD,2.00E+11,"UNIT 1, BELLENDEN ROAD BUSINESS CENTRE, BELLENDEN ROAD, LONDON, SE15 4RF",-0.073196329,51.46912347
"Price cutter food & wine, 12 Peckham High Street, London, SE15 5DT",PARTIAL,10013529700,"FLAT B, 12, PECKHAM HIGH STREET, LONDON, SE15 5DT",-0.072783586,51.47345114
"Primark, 51-57 Rye Lane, London, SE15 5EY",GOOD,2.00E+11,"51, PECKHAM RYE, LONDON, SE15 3NX",-0.065033768,51.46398912
"Prince albert, 111 Bellenden Road, London, SE15 4QY",EXACT,2.00E+11,"PRINCE ALBERT, 111, BELLENDEN ROAD, LONDON, SE15 4QY",-0.072253532,51.46826266
"Pyrotechnist arms, 39 Nunhead Green, London, SE15 3QF",GOOD,2.00E+11,"THE PYROTECHNISTS, 39, NUNHEAD GREEN, LONDON, SE15 3QF",-0.058208162,51.46606148
"Queen's coffee bar, 2b Kings Grove, London, SE15 2NB",GOOD,2.00E+11,"QUEENS COFFEE BAR, 2B, KINGS GROVE, LONDON, SE15 2NB",-0.058855819,51.47386884
"Queens kitchen, 23-25 Peckham High Street, London, SE15 5EB",GOOD,2.00E+11,"QUEENS KITCHEN, 23, PECKHAM HIGH STREET, LONDON, SE15 5EB",-0.072540851,51.4737439
"Queens oak care centre, 64-72 Queens Road, London, SE15 2QL",EXACT,2.00E+11,"QUEENS OAK CARE CENTRE, 64-72, QUEENS ROAD, LONDON, SE15 2QL",-0.060324804,51.47352446
"R c patel, 62 Nunhead Lane, London, SE15 3QE",EXACT,2.00E+11,"62, NUNHEAD LANE, LONDON, SE15 3QE",-0.058923467,51.46447263
"Rainbow breakfast and after school club, Baptist Church, Amott Road, London, SE15 4HU",PARTIAL,2.00E+11,"AMOTT ROAD BAPTIST CHURCH, AMOTT ROAD, LONDON, SE15 4HU",-0.071749317,51.46348826
"Rakhs news, 157-159 Peckham Hill Street, London, SE15 5JZ",GOOD,2.00E+11,"RAKIS NEWS, 157-159, PECKHAM HILL STREET, LONDON, SE15 5JZ",-0.068658188,51.47464222
"Red cow, Red Cow, 190-192 Peckham High Street, London, SE15 5EG",GOOD,2.00E+11,"THE RED COW, 188-190, PECKHAM HIGH STREET, LONDON, SE15 5EG",-0.064147487,51.47370454
"Rising stars nursery, The Peckham Hill Street Surger, 143-145 Peckham Hill Street, London, SE15 5JZ",GOOD,2.00E+11,"RISING STARS NURSERY, 143-145, PECKHAM HILL STREET, LONDON, SE15 5JZ",-0.068745254,51.47496739
"Rnr green grocers, 146-150 Rye Lane, London, SE15 4RZ",GOOD,2.00E+11,"149, RYE LANE, LONDON, SE15 4ST",-0.067709092,51.46915905
"Rock news, 46 Peckham Road, London, SE5 8PX",GOOD,2.00E+11,"ROCKY NEWS, 46, PECKHAM ROAD, LONDON, SE5 8PX",-0.081049682,51.47343384
"Roosters hut, 177-179 Rye Lane, London, SE15 4TP",PARTIAL,2.00E+11,"CHICKEN COTTAGE, 177-179, RYE LANE, LONDON, SE15 4TP",-0.067102259,51.46818684
"Ropharm chemist, 169 Rye Lane, London, SE15 4TL",EXACT,2.00E+11,"ROPHARM CHEMIST, 169, RYE LANE, LONDON, SE15 4TL",-0.067176814,51.46846684
"Royal caribbean spice bakery, 170 Bellenden Road, London, SE15 4BW",GOOD,2.00E+11,"CARIBBEAN SPICE BAKERY, 170, BELLENDEN ROAD, LONDON, SE15 4BW",-0.072755602,51.46728172
"Royal mail, Peckham Delivery Office, 2-4 Highshore Road, London, SE15 5AU",EXACT,2.00E+11,"ROYAL MAIL, PECKHAM DELIVERY OFFICE 2-4, HIGHSHORE ROAD, LONDON, SE15 5AU",-0.07092513,51.47176593
"Ruby colls house, 15 Colls Road, London, SE15 2NS",EXACT,2.00E+11,"15, COLLS ROAD, LONDON, SE15 2NS",-0.053708344,51.47504248
"Rudds, 121 Evelina Road, London, SE15 3HB",GOOD,2.00E+11,"RUDD & SON GREENGROCERS, 121, EVELINA ROAD, LONDON, SE15 3HB",-0.056563823,51.46613315
"Rye express, Unit 1, 137-139 Rye Lane, London, SE15 4ST",GOOD,2.00E+11,"138, RYE LANE, LONDON, SE15 4RZ",-0.067840182,51.4684418
"Rye lane news and off licence, 164 Rye Lane, London, SE15 4NB",GOOD,2.00E+11,"RYE LANE NEWS, 164, RYE LANE, LONDON, SE15 4NB",-0.067465037,51.46777916
"Rye news, 34 Peckham Rye, London, SE15 4JR",EXACT,2.00E+11,"RYE NEWS, 34, PECKHAM RYE, LONDON, SE15 4JR",-0.066705802,51.46564437
"Rye oak school & childrens centre, Rye Oak Primary School, Whorlton Road, London, SE15 3PD",GOOD,2.00E+11,"RYE OAK PRIMARY SCHOOL, WHORLTON ROAD, LONDON, SE15 3PD",-0.063153926,51.46452461
"S g convenience store (grocery), 40 Nunhead Lane, London, SE15 3TU",GOOD,2.00E+11,"S G CONVENIENCE, 40, NUNHEAD LANE, LONDON, SE15 3TU",-0.06152649,51.46385924
"Sabinah food store, 8 Choumert Road, London, SE15 4SE",PARTIAL,2.00E+11,"MARAMPA KAYA, 8, CHOUMERT ROAD, LONDON, SE15 4SE",-0.068122285,51.46823962
"Saffronland homes, 29 Fenwick Road, London, SE15 4HS",EXACT,2.00E+11,"29, FENWICK ROAD, LONDON, SE15 4HS",-0.068701281,51.46339313
"Sakhi quality meat, 6 Rye Lane, London, SE15 5BS",GOOD,2.00E+11,"SAKHI, 6, RYE LANE, LONDON, SE15 5BS",-0.070115861,51.4728587
"Sakisatu foods, Unit 27 K&S Indoor Market, 135a Rye Lane, London, SE15 4ST",PARTIAL,2.00E+11,"K & S INDOOR MARKET, 135A, RYE LANE, LONDON, SE15 4ST",-0.06726411,51.46980818
"Sam's kebab, 163 Bellenden Road, London, SE15 4DH",GOOD,2.00E+11,"FLAT, 163, BELLENDEN ROAD, LONDON, SE15 4DH",-0.072726452,51.46660679
"Seafood superstores, 213 Rye Lane, London, SE15 4TP",GOOD,2.00E+11,"LONDON SEAFOOD LTD, 213, RYE LANE, LONDON, SE15 4TP",-0.066466628,51.46755586
"Shangeetha supermarket limited, 58-60 Peckham High Street, London, SE15 5DP",EXACT,2.00E+11,"CRACKERJACKS, 58-60, PECKHAM HIGH STREET, LONDON, SE15 5DP",-0.070407801,51.47310631
"Silver fish bar, 50 Gibbon Road, London, SE15 3XE",EXACT,2.00E+11,"50, GIBBON ROAD, LONDON, SE15 3XE",-0.051570232,51.46709342
"Small white elephant, 28 Choumert Road, London, SE15 4SE",EXACT,2.00E+11,"SMALL WHITE ELEPHANT, 28, CHOUMERT ROAD, LONDON, SE15 4SE",-0.068658055,51.46816751
"Solochi food and drink ltd, Albrighton Community Centre, 37 Albrighton Road, London, SE22 8AH",EXACT,2.00E+11,"ALBRIGHTON COMMUNITY CENTRE, 37, ALBRIGHTON ROAD, LONDON, SE22 8AH",-0.081606948,51.46461219
"Souhampton way care home, 296 Southampton Way, London, SE5 7HQ",GOOD,2.00E+11,"FLAT 11, 296, SOUTHAMPTON WAY, LONDON, SE5 7HQ",-0.078975563,51.47550415
"Southwark day centre for asylum seekers, Copleston Centre, Copleston Road, London, SE15 4AN",PARTIAL,2.00E+11,"COPLESTON CENTRE, COPLESTON ROAD, LONDON, SE15 4AN",-0.076992274,51.46582254
"Spices, 91 Evelina Road, London, SE15 3HL",,,,,
"Spinners bakery ltd, 165 Rye Lane, London, SE15 4TL",EXACT,2.00E+11,"GABBYS, 165, RYE LANE, LONDON, SE15 4TL",-0.067317277,51.46855009
"St andrews nursing home, 64-66 Choumert Road, London, SE15 4AX",EXACT,2.00E+11,"ST. ANDREWS NURSING HOME, 64-66, CHOUMERT ROAD, LONDON, SE15 4AX",-0.070755302,51.46794126
"St. thomas the apostle church (licensed bar), 81 Evelina Road, London, SE15 3HL",GOOD,2.00E+11,"ST. THOMAS THE APOSTLE CHURCH, 81, EVELINA ROAD, LONDON, SE15 3HL",-0.054191671,51.46740674
"St. thomas the apostle church (place of worship/church), 81 Evelina Road, London, SE15 3HL",PARTIAL,2.00E+11,"ST. THOMAS THE APOSTLE CHURCH, 81, EVELINA ROAD, LONDON, SE15 3HL",-0.054191671,51.46740674
"Staff bar - camberwell college of arts and design, 45-65 Peckham Road, London, SE5 8UF",GOOD,2.00E+11,"56A, PECKHAM ROAD, LONDON, SE5 8PX",-0.079890582,51.47360371
"Star noodles, 114 Rye Lane, London, SE15 4RZ",GOOD,2.00E+11,"STARNOODLE, 114, RYE LANE, LONDON, SE15 4RZ",-0.068161581,51.46901364
"Stella's groceries and vegetables limited, 154 Rye Lane, London, SE15 4NB",EXACT,2.00E+11,"STELLA, 154, RYE LANE, LONDON, SE15 4NB",-0.067627439,51.46802463
"Subway peckham, 1 Central Buildings, Rye Lane, London, SE15 5DW",,,,,
"Superdrug stores plc, 38-44 Rye Lane, London, SE15 5BY",GOOD,2.00E+11,"SUPERDRUG STORES PLC, 42-44, RYE LANE, LONDON, SE15 5BY",-0.069830446,51.47143317
"Swaizie food store, 1a Choumert Road, London, SE15 4SE",PARTIAL,2.00E+11,"AUGUSTAS OFF LICENSE, 1A, CHOUMERT ROAD, LONDON, SE15 4SE",-0.068250673,51.46792699
"T & s afro cosmetics and food and wine, 213A Rye Lane, London, SE15 4TP",GOOD,2.00E+11,"T & S AFRO COSMETICS, 213A, RYE LANE, LONDON, SE15 4TP",-0.066352666,51.46752701
"Tastes, 12a Rye Lane, London, SE15 5BS",EXACT,2.00E+11,"12A, RYE LANE, LONDON, SE15 5BS",-0.070023859,51.47265036
"Tesco stores ltd, 151-155 Queens Road, London, SE15 2ND",GOOD,2.00E+11,"TESCO, 151-153, QUEENS ROAD, LONDON, SE15 2ND",-0.057152615,51.47362481
"Tesco stores ltd, Unit 1, 265 Rye Lane, London, SE15 4UR",GOOD,2.00E+11,"BLUE INC, UNIT 1, AYLESHAM CENTRE, RYE LANE, LONDON, SE15 5EW",-0.068681094,51.47273616
"The beer rebellion, 129 Queens Road, London, SE15 2NB",GOOD,2.00E+11,"129, BRAYARDS ROAD, LONDON, SE15 2BX",-0.057650763,51.46969428
"The begging bowl, Part Ground Floor, 168 Bellenden Road, London, SE15 4BW",GOOD,2.00E+11,"THE BEGGING BOWL, 168, BELLENDEN ROAD, LONDON, SE15 4BW",-0.07285518,51.46731034
"The cadeleigh arms, 43 Lyndhurst Grove, London, SE15 5AN",GOOD,2.00E+11,"CADLEIGH ARMS, 43, LYNDHURST GROVE, LONDON, SE15 5AN",-0.079714768,51.47024658
"The camden society, 133-137 Queens Road, London, SE15 2ND",GOOD,10000816788,"THE CAMDEN SOCIETY, QUEENS ROAD DAY CENTRE 133-137, QUEENS ROAD, LONDON, SE15 2ND",-0.05846054,51.47368245
"The childrens society, 91 Queens Road, London, SE15 2EZ",GOOD,2.00E+11,"THE CHILDRENS SOCIETY, 91-93, QUEENS ROAD, LONDON, SE15 2EZ",-0.060585153,51.47417623
"The clf art cafe, 133 Copeland Road, London, SE15 3SN",PARTIAL,10000818902,"THE LAST REFUGE, UNIT 9A, INDUSTRIAL PARK, 133, COPELAND ROAD, LONDON, SE15 3SN",-0.065765435,51.47000757
"The golden anchor, 16 Evelina Road, London, SE15 2DX",EXACT,2.00E+11,"THE GOLDEN ANCHOR, 16, EVELINA ROAD, LONDON, SE15 2DX",-0.052391918,51.46943618
"The great wall, 24 Nunhead Green, London, SE15 3QF",EXACT,2.00E+11,"THE GREAT WALL, 24, NUNHEAD GREEN, LONDON, SE15 3QF",-0.058276611,51.46512738
"The greyhound, 109 Peckham High Street, London, SE15 5SE",EXACT,2.00E+11,"THE GREYHOUND, 109, PECKHAM HIGH STREET, LONDON, SE15 5SE",-0.068591966,51.47416452
"The kentish drovers, 71-79 Peckham High Street, London, SE15 5RS",GOOD,2.00E+11,"78A, PECKHAM HIGH STREET, LONDON, SE15 5ED",-0.078119927,51.4739344
"The lovely house, 119 Bellenden Road, London, SE15 4QY",GOOD,2.00E+11,"LOVELY HOUSE RESTAURANT, 119, BELLENDEN ROAD, LONDON, SE15 4QY",-0.072268683,51.4679032
"The melange chocolate, 184 Bellenden Road, London, SE15 4BW",EXACT,2.00E+11,"THE MELANGE CHOCOLATE, 184, BELLENDEN ROAD, LONDON, SE15 4BW",-0.072938856,51.46703294
"The mighty pound, Unit 2, 117-125 Rye Lane, London, SE15 4ST",GOOD,2.00E+11,"122, RYE LANE, LONDON, SE15 4RZ",-0.068043096,51.4687509
"The montpelier, 43 Choumert Road, London, SE15 4AR",EXACT,2.00E+11,"THE MONTPELIER, 43, CHOUMERT ROAD, LONDON, SE15 4AR",-0.070252884,51.46756429
"The nags head, 231-235 Rye Lane, London, SE15 4TP",GOOD,2.00E+11,"234, RYE LANE, LONDON, SE15 4NL",-0.066513735,51.46644155
"The peckham pelican, Pelican House, 92 Peckham Road, London, SE15 5PY",GOOD,10009805610,"FLAT 66, PELICAN HOUSE, 92, PECKHAM ROAD, LONDON, SE15 5PY",-0.077035021,51.47405151
"The victorian inn, Victoria Inn, 77 Choumert Road, London, SE15 4AR",GOOD,2.00E+11,"THE VICTORIA INN, 77-79, CHOUMERT ROAD, LONDON, SE15 4AR",-0.072118377,51.46737016
"The villa nursery, 54 Lyndhurst Grove, London, SE15 5AH",EXACT,2.00E+11,"54, LYNDHURST GROVE, LONDON, SE15 5AH",-0.077815049,51.46988272
"The white horse, 20 Peckham Rye, London, SE15 4JR",GOOD,2.00E+11,"WHITE HORSE, 20-22, PECKHAM RYE, LONDON, SE15 4JR",-0.067336516,51.46605045
"Three c's, 184-186 Rye Lane, London, SE15 4NF",PARTIAL,2.00E+11,"CROSSWAYS, 184-186, RYE LANE, LONDON, SE15 4NF",-0.066839616,51.46724727
"Timgrace variety stores, 94 Peckham High Street, London, SE15 5ED",GOOD,2.00E+11,"TIMOGRACE VARIETY STORES, 94, PECKHAM HIGH STREET, LONDON, SE15 5ED",-0.068901015,51.47366602
"Tops caribbean, 173 Queens Road, London, SE15 2ND",GOOD,2.00E+11,"TOPS CARRIBEAN, 173, QUEENS ROAD, LONDON, SE15 2ND",-0.056536538,51.47355165
"Total uk ltd (spar), 37-41 Peckham Road, London, SE5 8UH",GOOD,2.00E+11,"DRAGON WOK, 40, PECKHAM ROAD, LONDON, SE5 8PX",-0.081292799,51.47347379
"Truly african ltd, 94 Rye Lane, London, SE15 4RZ",EXACT,2.00E+11,"LAY CASH & CARRY, 94, RYE LANE, LONDON, SE15 4RZ",-0.068503069,51.46945091
"Two sisters, 4 Gibbon Road, London, SE15 2AS",GOOD,2.00E+11,"4, HONITON GARDENS, GIBBON ROAD, LONDON, SE15 2AT",-0.052361154,51.46880618
"Uk food store ltd, 30 Rye Lane, London, SE15 5BS",EXACT,2.00E+11,"UK FOODS, 30, RYE LANE, LONDON, SE15 5BS",-0.070113274,51.47189645
"United meats butchers, 62 Peckham High Street, London, SE15 5DP",PARTIAL,2.00E+11,"FLAT A-B, 74, PECKHAM HIGH STREET, LONDON, SE15 5ED",-0.069587573,51.47343453
"United newsagents ltd, 104 Peckham High Street, London, SE15 5ED",EXACT,2.00E+11,"NEWS MARK, 104, PECKHAM HIGH STREET, LONDON, SE15 5ED",-0.068496965,51.47368635
"Vestry fish bar, 35 Vestry Road, London, SE5 8PG",EXACT,2.00E+11,"35, VESTRY ROAD, LONDON, SE5 8PG",-0.082025831,51.47110274
"Victory food store, 82 Peckham High Street, London, SE15 5ED",GOOD,2.00E+11,"VICTORY FOOD & WINE, 82-84, PECKHAM HIGH STREET, LONDON, SE15 5ED",-0.069237669,51.47353668
"Village grocer, 178-180 Bellenden Road, London, SE15 4BW",GOOD,2.00E+11,"179, BELLENDEN ROAD, LONDON, SE15 4DG",-0.073911131,51.46582592
"Wang jia supermarket, 205 Rye Lane, London, SE15 4TP",EXACT,2.00E+11,"WANG JIA SUPERMARKET, 205, RYE LANE, LONDON, SE15 4TP",-0.066662359,51.46769398
"Welcome to jamaican village of vegetable, Forecourt After, 125 Rye Lane, London, SE15 4ST",GOOD,10000812933,"RYE LANE CHINESE, 125, RYE LANE, LONDON, SE15 4ST",-0.068329959,51.47014049
"Westminster house youth club, 29 Nunhead Grove, London, SE15 3LZ",GOOD,2.00E+11,"29, NUNHEAD GREEN, LONDON, SE15 3QF",-0.058502009,51.46592246
"Wing tai chinese supermarket, Unit 11a The Aylesham Centre, Rye Lane, London, SE15 5EW",GOOD,2.00E+11,"WING TAI CHINESE SUPERMARKET, UNIT 11A, AYLESHAM CENTRE, RYE LANE, LONDON, SE15 5EW",-0.068681094,51.47273616
"Wing tai restaurant, Unit 15 The Aylesham Centre, Rye Lane, London, SE15 5EW",GOOD,2.00E+11,"WING TAI CHINESE RESTAURANT, UNIT 15, AYLESHAM CENTRE, RYE LANE, LONDON, SE15 5EW",-0.068681094,51.47273616
"Yesil irmak, 107 Peckham High Street, London, SE15 5RS",EXACT,2.00E+11,"YESIL IRMAK, 107, PECKHAM HIGH STREET, LONDON, SE15 5RS",-0.068913855,51.47404393
"Yilmaz kebab, 277 Rye Lane, London, SE15 4UA",GOOD,2.00E+11,"YILMAZ, 277, RYE LANE, LONDON, SE15 4UA",-0.065762985,51.4661504
"Yogi newsfare, 123 Bellenden Road, London, SE15 4QY",GOOD,2.00E+11,"YOGI, 123, BELLENDEN ROAD, LONDON, SE15 4QY",-0.07227247,51.46781334
"Yop city le marche, 32a Peckham High Street, London, SE15 5DP",,,,,
"Young parents education centre, 18 St Marys Road, London, SE15 2DW",GOOD,1.00E+11,"18, ST. MARKS ROAD, LONDON, SE25 4UH",-0.069933859,51.39832425
"Z a afro foods, 80 Rye Lane, London, SE15 4RY",GOOD,2.00E+11,"80, PECKHAM RYE, LONDON, SE15 4HA",-0.066815004,51.46442317
"Z a butchers, 80 Rye Lane, London, SE15 4RY",GOOD,2.00E+11,"80, PECKHAM RYE, LONDON, SE15 4HA",-0.066815004,51.46442317
"Zara's tropical food store, 64 Peckham High Street, London, SE15 5DP",GOOD,2.00E+11,"64, PECKHAM HILL STREET, LONDON, SE15 5JY",-0.07001336,51.47665191
