classification_code,classification_desc,fhrs_address,matched_address,matched_lat,matched_lng,uprn,,,,,,,,,,,,,,,,,,,,,,,,,,,,,,,,,,,,,,,,,,,,,,,,
CR08,Shop / Showroom,"Purn News, 4 Wild Goose Drive, London, SE14 5LL","BEST BUYS, 4 WILD GOOSE DRIVE, LONDON, SE14 5LL",51.47304116,-0.051244813,1.00023E+11,,,,,,,,,,,,,,,,,,,,,,,,,,,,,,,,,,,,,,,,,,,,,,,,
CC,Community Services,"Stars of Hope Pre School, Barnes Wallis Community Centre, 74 Wild Goose Drive, London, SE14 5LL","74 WILD GOOSE DRIVE, LONDON, SE14 5LL",51.47270317,-0.050928031,1.00023E+11,,,,,,,,,,,,,,,,,,,,,,,,,,,,,,,,,,,,,,,,,,,,,,,,
CO01,Office / Work Studio,"1st choice day nursery, 186 Peckham High Street, London, SE15 5EG","186 PECKHAM HIGH STREET, LONDON, SE15 5EG",51.47369682,-0.06531419,2.00003E+11,,,,,,,,,,,,,,,,,,,,,,,,,,,,,,,,,,,,,,,,,,,,,,,,
CR08,Shop / Showroom,"99p stores ltd, 87 Rye Lane, London, SE15 5EX","99P STORE, 87 RYE LANE, LONDON, SE15 5EX",51.47104814,-0.068838777,2.00003E+11,,,,,,,,,,,,,,,,,,,,,,,,,,,,,,,,,,,,,,,,,,,,,,,,
CR08,Shop / Showroom,"A & a butchers and grocers, 100 Rye Lane, London, SE15 4RZ","ACE FOODS, 100 RYE LANE, LONDON, SE15 4RZ",51.46930571,-0.068422812,2.00003E+11,,,,,,,,,,,,,,,,,,,,,,,,,,,,,,,,,,,,,,,,,,,,,,,,
CR08,Shop / Showroom,"A 1 superstore, 2 Choumert Road, London, SE15 4SE","A1, 2 CHOUMERT ROAD, LONDON, SE15 4SE",51.46825522,-0.067977646,2.00003E+11,,,,,,,,,,,,,,,,,,,,,,,,,,,,,,,,,,,,,,,,,,,,,,,,
X,Dual Use,"A g flowers, 139 Evelina Road, London, SE15 3HB","A G FLOWERS, 139 EVELINA ROAD, LONDON, SE15 3HB",51.4657667,-0.057241665,2.00003E+11,,,,,,,,,,,,,,,,,,,,,,,,,,,,,,,,,,,,,,,,,,,,,,,,
RD06,Self Contained Flat (Includes Maisonette / Apartment),"Afro-caribbean food vegetables & fruits, Pitch 2 & 5, Parkstone Road, London, SE15 4UQ","5 PARKSTONE ROAD, LONDON, SE15 4UQ",51.46884284,-0.067074534,2.00003E+11,,,,,,,,,,,,,,,,,,,,,,,,,,,,,,,,,,,,,,,,,,,,,,,,
CR08,Shop / Showroom,"Agrobeso, 139 Peckham High Street, London, SE15 5SL","AGROBEJO, 139 PECKHAM HIGH STREET, LONDON, SE15 5SL",51.47414576,-0.066907977,2.00003E+11,,,,,,,,,,,,,,,,,,,,,,,,,,,,,,,,,,,,,,,,,,,,,,,,
PP,Property Shell,"Agua na boca ltd, 28b Fenwick Road, London, SE15 4HW","28B FENWICK ROAD, LONDON, SE15 4HW",51.46340209,-0.068153837,2.00003E+11,,,,,,,,,,,,,,,,,,,,,,,,,,,,,,,,,,,,,,,,,,,,,,,,
CR08,Shop / Showroom,"Ali baba juice & matcha, 125B Rye Lane, SE15 4ST","RYE LANE CHINESE, 125 RYE LANE, LONDON, SE15 4ST",51.47014049,-0.068329959,10000812933,,,,,,,,,,,,,,,,,,,,,,,,,,,,,,,,,,,,,,,,,,,,,,,,
CR08,Shop / Showroom,"Ali's greengrocery, 115 Rye Lane, London, SE15 4ST","ALIS GREENGROCERS, 115 RYE LANE, LONDON, SE15 4ST",51.47051958,-0.068414738,2.00003E+11,,,,,,,,,,,,,,,,,,,,,,,,,,,,,,,,,,,,,,,,,,,,,,,,
CR08,Shop / Showroom,"Alpha off licence, 24 Peckham Rye, London, SE15 4JR","ALPHA OFF LICENSE, 24 PECKHAM RYE, LONDON, SE15 4JR",51.46595157,-0.066793598,2.00003E+11,,,,,,,,,,,,,,,,,,,,,,,,,,,,,,,,,,,,,,,,,,,,,,,,
ZW99CH,Church,"Amott road pre-school (day nursery kitchen), Baptist Church, Amott Road, London, SE15 4HU","AMOTT ROAD BAPTIST CHURCH, AMOTT ROAD, LONDON, SE15 4HU",51.46348826,-0.071749317,2.00003E+11,,,,,,,,,,,,,,,,,,,,,,,,,,,,,,,,,,,,,,,,,,,,,,,,
CR08,Shop / Showroom,"Anderson & co, 139 Bellenden Road, London, SE15 4DH","ANDERSON & CO, 139 BELLENDEN ROAD, LONDON, SE15 4DH",51.46713084,-0.072330031,2.00003E+11,,,,,,,,,,,,,,,,,,,,,,,,,,,,,,,,,,,,,,,,,,,,,,,,
CR08,Shop / Showroom,"Ar cash & carry, 78 Rye Lane, London, SE15 4RY","CASH N CARRY, 78 RYE LANE, LONDON, SE15 4RY",51.47005089,-0.068895287,2.00003E+11,,,,,,,,,,,,,,,,,,,,,,,,,,,,,,,,,,,,,,,,,,,,,,,,
X,Dual Use,"Arati newsagents, 125 Evelina Road, London, SE15 3HB","ARATI NEWS, 125 EVELINA ROAD, LONDON, SE15 3HB",51.46609037,-0.056695217,2.00003E+11,,,,,,,,,,,,,,,,,,,,,,,,,,,,,,,,,,,,,,,,,,,,,,,,
CR08,Shop / Showroom,"Argos distributors ltd, 54 Rye Lane, London, SE15 5BY","ARGOS LTD, 54 RYE LANE, LONDON, SE15 5BY",51.47080483,-0.069900163,2.00003E+11,,,,,,,,,,,,,,,,,,,,,,,,,,,,,,,,,,,,,,,,,,,,,,,,
CR08,Shop / Showroom,"Artusi, 161 Bellenden Road, London, SE15 4DH","ARTUS, 161 BELLENDEN ROAD, LONDON, SE15 4DH",51.4666146,-0.072654135,2.00003E+11,,,,,,,,,,,,,,,,,,,,,,,,,,,,,,,,,,,,,,,,,,,,,,,,
CR08,Shop / Showroom,"Asda supermarket, 174 Rye Lane, London, SE15 4NB","SOUND AS A POUND, 170 RYE LANE, LONDON, SE15 4NB",51.46766966,-0.067368879,2.00003E+11,,,,,,,,,,,,,,,,,,,,,,,,,,,,,,,,,,,,,,,,,,,,,,,,
CR08,Shop / Showroom,"Asian take away, Forecourt After, 125 Rye Lane, London, SE15 4ST","RYE LANE CHINESE, 125 RYE LANE, LONDON, SE15 4ST",51.47014049,-0.068329959,10000812933,,,,,,,,,,,,,,,,,,,,,,,,,,,,,,,,,,,,,,,,,,,,,,,,
RD06,Self Contained Flat (Includes Maisonette / Apartment),"Astar fish bar, 98 Evelina Road, London, SE15 3HL","A* FISH BAR, 98 EVELINA ROAD, LONDON, SE15 3HL",51.46657062,-0.056372465,2.00003E+11,,,,,,,,,,,,,,,,,,,,,,,,,,,,,,,,,,,,,,,,,,,,,,,,
CR08,Shop / Showroom,"Auntie sue variety store, Units 37 And 38 Rye Lane Mark, 48 Rye Lane, London, SE15 5BY","SKY ASSOCIATES LTD, RYE LANE MARKET, 48 RYE LANE, LONDON, SE15 5BY",51.47125225,-0.069766087,10000819121,,,,,,,,,,,,,,,,,,,,,,,,,,,,,,,,,,,,,,,,,,,,,,,,
OR04,Additional Mail / Packet Addressee,"Aunty sue varieties store, Unit 39 Rye Lane Market, 48 Rye Lane, London, SE15 5BY","BRIDAL COLLECTIONS, RYE LANE MARKET, 48 RYE LANE, LONDON, SE15 5BY",51.47124327,-0.069766467,10091837495,,,,,,,,,,,,,,,,,,,,,,,,,,,,,,,,,,,,,,,,,,,,,,,,
CR08,Shop / Showroom,"Avondale mini market, 63 Avondale Rise, London, SE15 4AJ","AVONDALE MINI MARKET, 63 AVONDALE RISE, LONDON, SE15 4AJ",51.46520743,-0.077320471,2.00003E+11,,,,,,,,,,,,,,,,,,,,,,,,,,,,,,,,,,,,,,,,,,,,,,,,
CO01,Office / Work Studio,"Bahar kebab, 157 Queens Road, London, SE15 2ND","BAHAR KEBAB, 157 QUEENS ROAD, LONDON, SE15 2ND",51.47351885,-0.056928882,10090749818,,,,,,,,,,,,,,,,,,,,,,,,,,,,,,,,,,,,,,,,,,,,,,,,
CR08,Shop / Showroom,"Bajan spice, 28 Nunhead Green, London, SE15 3QF","BAJAN SPICE, 28 NUNHEAD GREEN, LONDON, SE15 3QF",51.46534138,-0.058166746,2.00003E+11,,,,,,,,,,,,,,,,,,,,,,,,,,,,,,,,,,,,,,,,,,,,,,,,
CR08,Shop / Showroom,"Bambuni, 143 Evelina Road, London, SE15 3HB","BAMBUNI, 143 EVELINA ROAD, LONDON, SE15 3HB",51.46571492,-0.057373439,2.00003E+11,,,,,,,,,,,,,,,,,,,,,,,,,,,,,,,,,,,,,,,,,,,,,,,,
RD06,Self Contained Flat (Includes Maisonette / Apartment),"Bangura african food, Unit 18, 137 Rye Lane, London, SE15 4ST","FLAT 9, THALIA COURT, 137 RYE LANE, LONDON, SE15 4ST",51.46945584,-0.067710951,10013525748,,,,,,,,,,,,,,,,,,,,,,,,,,,,,,,,,,,,,,,,,,,,,,,,
CI03,Workshop / Light Industrial,"Bar story, Arch 213, Blenheim Grove, London, SE15 4QL","BAR STORY, 26 BLENHEIM GROVE, LONDON, SE15 4QL",51.46958126,-0.069865411,2.00003E+11,,,,,,,,,,,,,,,,,,,,,,,,,,,,,,,,,,,,,,,,,,,,,,,,
CR08,Shop / Showroom,"Barry's deli, 3 Station Way, London, SE15 4RX","3 STATION WAY, LONDON, SE15 4RX",51.46997522,-0.06921525,2.00003E+11,,,,,,,,,,,,,,,,,,,,,,,,,,,,,,,,,,,,,,,,,,,,,,,,
CR08,Shop / Showroom,"Barsat cash and carry, 82 Rye Lane, London, SE15 4RY","BARSAT CASH & CARRY, 82 RYE LANE, LONDON, SE15 4RY",51.46986879,-0.068758991,2.00003E+11,,,,,,,,,,,,,,,,,,,,,,,,,,,,,,,,,,,,,,,,,,,,,,,,
CR08,Shop / Showroom,"Belgo club, 56 Peckham High Street, London, SE15 5DP","CLUB 56, 56 PECKHAM HIGH STREET, LONDON, SE15 5DP",51.47309023,-0.070523676,2.00003E+11,,,,,,,,,,,,,,,,,,,,,,,,,,,,,,,,,,,,,,,,,,,,,,,,
CE03IS,Infant School,"Bellenden primary school, Bellenden Junior And Infant Sc, Reedham Street, London, SE15 4PF","BELLENDEN JUNIOR & INFANT SCHOOL, REEDHAM STREET, LONDON, SE15 4PF",51.46699579,-0.070680002,2.00003E+11,,,,,,,,,,,,,,,,,,,,,,,,,,,,,,,,,,,,,,,,,,,,,,,,
CR08,Shop / Showroom,"Bims african food ltd, 122 Rye Lane, London, SE15 4RZ","BIMS AFRICAN FOOD STORE, 102 RYE LANE, LONDON, SE15 4RZ",51.46924209,-0.068382303,2.00003E+11,,,,,,,,,,,,,,,,,,,,,,,,,,,,,,,,,,,,,,,,,,,,,,,,
CR08,Shop / Showroom,"Bims african store, 102 Rye Lane, London, SE15 4RZ","BIMS AFRICAN FOOD STORE, 102 RYE LANE, LONDON, SE15 4RZ",51.46924209,-0.068382303,2.00003E+11,,,,,,,,,,,,,,,,,,,,,,,,,,,,,,,,,,,,,,,,,,,,,,,,
CR08,Shop / Showroom,"Binder off licence, 149 Peckham High Street, London, SE15 5SL","BINDER LONDON LTD, 149 PECKHAM HIGH STREET, LONDON, SE15 5SL",51.47415662,-0.066475523,2.00003E+11,,,,,,,,,,,,,,,,,,,,,,,,,,,,,,,,,,,,,,,,,,,,,,,,
CR08,Shop / Showroom,"Bit by bit, 4 Atwell Road, London, SE15 4TW","LADIES BIT BY BIT, 2 ATWELL ROAD, LONDON, SE15 4TW",51.46819488,-0.067044328,2.00003E+11,,,,,,,,,,,,,,,,,,,,,,,,,,,,,,,,,,,,,,,,,,,,,,,,
CR08,Shop / Showroom,"Black elderly group southwark (b e, 86 Bellenden Road, London, SE15 4RQ","BLACK ELDERLY GROUP SOUTHWARK, ELIM HOUSE, 86 BELLENDEN ROAD, LONDON, SE15 4RQ",51.4700266,-0.07343185,2.00003E+11,,,,,,,,,,,,,,,,,,,,,,,,,,,,,,,,,,,,,,,,,,,,,,,,
CR08,Shop / Showroom,"Boots co plc, 20 Rye Lane, London, SE15 5BS","BOOTS THE CHEMISTS LTD, 20 RYE LANE, LONDON, SE15 5BS",51.47230959,-0.070081439,2.00003E+11,,,,,,,,,,,,,,,,,,,,,,,,,,,,,,,,,,,,,,,,,,,,,,,,
CR08,Shop / Showroom,"Bottles off licence, 27 Peckham High Street, London, SE15 5EB","BOTTLES OFF LICENCE, 27 PECKHAM HIGH STREET, LONDON, SE15 5EB",51.47370559,-0.072398469,2.00003E+11,,,,,,,,,,,,,,,,,,,,,,,,,,,,,,,,,,,,,,,,,,,,,,,,
CR05,Petrol Filling Station,"Bp  connect, 95 Peckham Road, London, SE15 5LJ","BRITISH PETROLEUM CO PLC, PECKHAM SERVICE CENTRE, 95 PECKHAM ROAD, LONDON, SE15 5LJ",51.47455405,-0.076423488,2.00003E+11,,,,,,,,,,,,,,,,,,,,,,,,,,,,,,,,,,,,,,,,,,,,,,,,
CR08,Shop / Showroom,"Brayards chicken, 128 Brayards Road, London, SE15 2BU","BRAYARDS CHICKEN, 128 BRAYARDS ROAD, LONDON, SE15 2BU",51.46952864,-0.056880284,2.00003E+11,,,,,,,,,,,,,,,,,,,,,,,,,,,,,,,,,,,,,,,,,,,,,,,,
CE03PS,Primary School,"Breakfast club, Oliver Goldsmith Primary Schoo, Peckham Road, London, SE5 8UH","OLIVER GOLDSMITH PRIMARY SCHOOL, 83 PECKHAM ROAD, LONDON, SE5 8UH",51.47472285,-0.077942787,2.00003E+11,,,,,,,,,,,,,,,,,,,,,,,,,,,,,,,,,,,,,,,,,,,,,,,,
CI04,Warehouse / Store / Storage Depot,"Brick brewery, Railway Arch 209, Blenheim Grove, London, SE15 4QL","RAILWAY ARCH 209, BLENHEIM GROVE, LONDON, SE15 4QL",51.46939919,-0.070823386,2.00003E+11,,,,,,,,,,,,,,,,,,,,,,,,,,,,,,,,,,,,,,,,,,,,,,,,
CR07,Restaurant / Cafeteria,"Burger king, 46 Peckham High Street, London, SE15 5DP","BURGER KING (UK) LTD, 46 PECKHAM HIGH STREET, LONDON, SE15 5DP",51.47322101,-0.070820548,2.00003E+11,,,,,,,,,,,,,,,,,,,,,,,,,,,,,,,,,,,,,,,,,,,,,,,,
CR08,Shop / Showroom,"Butt seafood ltd, 30 Rye Lane, London, SE15 5BS","UK FOODS, 30 RYE LANE, LONDON, SE15 5BS",51.47189645,-0.070113274,2.00003E+11,,,,,,,,,,,,,,,,,,,,,,,,,,,,,,,,,,,,,,,,,,,,,,,,
RD06,Self Contained Flat (Includes Maisonette / Apartment),"Cafe al ayaan, Unit 17, 137 Rye Lane, London, SE15 4ST","FLAT 9, THALIA COURT, 137 RYE LANE, LONDON, SE15 4ST",51.46945584,-0.067710951,10013525748,,,,,,,,,,,,,,,,,,,,,,,,,,,,,,,,,,,,,,,,,,,,,,,,
CR08,Shop / Showroom,"Cafe culture, 42 Peckham Road, London, SE5 8PX","CULTURE CAFE, 42 PECKHAM ROAD, LONDON, SE5 8PX",51.47340947,-0.0812091,2.00003E+11,,,,,,,,,,,,,,,,,,,,,,,,,,,,,,,,,,,,,,,,,,,,,,,,
CR08,Shop / Showroom,"Cafe spice, 88 Rye Lane, London, SE15 4RZ","CAFE SPICE, 88 RYE LANE, LONDON, SE15 4RZ",51.46959517,-0.068525773,2.00003E+11,,,,,,,,,,,,,,,,,,,,,,,,,,,,,,,,,,,,,,,,,,,,,,,,
X,Dual Use,"Cafe viva ltd, 44 Choumert Road, London, SE15 4SE","CAFE VIVA, 44 CHOUMERT ROAD, LONDON, SE15 4SE",51.46812118,-0.069120746,2.00003E+11,,,,,,,,,,,,,,,,,,,,,,,,,,,,,,,,,,,,,,,,,,,,,,,,
CR08,Shop / Showroom,"Cafe world, 131 Peckham High Street, London, SE15 5SL","CAFE WORLD, 131 PECKHAM HIGH STREET, LONDON, SE15 5SL",51.47417747,-0.067194634,2.00003E+11,,,,,,,,,,,,,,,,,,,,,,,,,,,,,,,,,,,,,,,,,,,,,,,,
CE05,University,"Camberwell college of art & design - senior common room club, 45 Peckham Road, London, SE5 8UF","CAMBERWELL COLLEGE OF ARTS, 45 PECKHAM ROAD, LONDON, SE5 8UF",51.47411664,-0.079912243,2.00003E+11,,,,,,,,,,,,,,,,,,,,,,,,,,,,,,,,,,,,,,,,,,,,,,,,
CL06,Indoor / Outdoor Leisure / Sporting Activity / Centre,"Canavans peckham pool club, 188 Rye Lane, London, SE15 4NF","CANAVANS SNOOKER CLUB, 188 RYE LANE, LONDON, SE15 4NF",51.46719193,-0.066755569,2.00003E+11,,,,,,,,,,,,,,,,,,,,,,,,,,,,,,,,,,,,,,,,,,,,,,,,
CO01,Office / Work Studio,"Capital catering, Peckham Bus Garage, Blackpool Road, London, SE15 3SU","BUILDBASE LTD, 1 BLACKPOOL ROAD, LONDON, SE15 3SU",51.468823,-0.063691805,2.00003E+11,,,,,,,,,,,,,,,,,,,,,,,,,,,,,,,,,,,,,,,,,,,,,,,,
CR08,Shop / Showroom,"Carnation supermarket, 151a Rye Lane, London, SE15 4TL","COSY PRICE SUPERMARKET, 151A RYE LANE, LONDON, SE15 4TL",51.46896064,-0.06767428,10009801196,,,,,,,,,,,,,,,,,,,,,,,,,,,,,,,,,,,,,,,,,,,,,,,,
CE04,Secondary / High School,"Chartwells, Harris Primary Free School Pec, 112 Peckham Road, London, SE15 5DZ","THE ACADEMY AT PECKHAM, 112 PECKHAM ROAD, LONDON, SE15 5DZ",51.47293749,-0.073813195,10013531193,,,,,,,,,,,,,,,,,,,,,,,,,,,,,,,,,,,,,,,,,,,,,,,,
RD06,Self Contained Flat (Includes Maisonette / Apartment),"Chartwells, Hollydale Road Primary School, Hollydale Road, London, SE15 2AR","247A HOLLYDALE ROAD, LONDON, SE15 2AR",51.46724748,-0.052182769,2.00003E+11,,,,,,,,,,,,,,,,,,,,,,,,,,,,,,,,,,,,,,,,,,,,,,,,
CE01FE,Further Education,"Chartwells, St Thomas The Apostle College, Hollydale Road, London, SE15 2EB","ST. THOMAS THE APOSTLE COLLEGE, HOLLYDALE ROAD, LONDON, SE15 2EB",51.47074267,-0.056339141,2.00003E+11,,,,,,,,,,,,,,,,,,,,,,,,,,,,,,,,,,,,,,,,,,,,,,,,
X,Dual Use,"Cheung's, 289 Rye Lane, London, SE15 4UA","CHEUNG TAKE AWAY, 289 RYE LANE, LONDON, SE15 4UA",51.46587938,-0.065688062,2.00003E+11,,,,,,,,,,,,,,,,,,,,,,,,,,,,,,,,,,,,,,,,,,,,,,,,
CR08,Shop / Showroom,"Chick chicken, 117 Peckham High Street, London, SE15 5SE","CHICK KING, 117 PECKHAM HIGH STREET, LONDON, SE15 5SE",51.47410657,-0.068349616,2.00003E+11,,,,,,,,,,,,,,,,,,,,,,,,,,,,,,,,,,,,,,,,,,,,,,,,
CR08,Shop / Showroom,"China ho lok, 30 Ivanhoe Road, London, SE5 8DJ","SEASON CHINESE, 30 IVANHOE ROAD, LONDON, SE5 8DJ",51.46542677,-0.079729959,2.00003E+11,,,,,,,,,,,,,,,,,,,,,,,,,,,,,,,,,,,,,,,,,,,,,,,,
CR08,Shop / Showroom,"Christine's meat shop, 211 Rye Lane, London, SE15 4TP","LOBA MEAT, 211 RYE LANE, LONDON, SE15 4TP",51.46761877,-0.066463969,2.00003E+11,,,,,,,,,,,,,,,,,,,,,,,,,,,,,,,,,,,,,,,,,,,,,,,,
X,Dual Use,"Cod fella, 125 Bellenden Road, London, SE15 4QY","COD FELLAS, 125 BELLENDEN ROAD, LONDON, SE15 4QY",51.46776841,-0.072274364,2.00003E+11,,,,,,,,,,,,,,,,,,,,,,,,,,,,,,,,,,,,,,,,,,,,,,,,
CR08,Shop / Showroom,"Convenience store, 64 Nunhead Lane, London, SE15 3QE","NUNHEAD MINI MARKET, 64 NUNHEAD LANE, LONDON, SE15 3QE",51.46451685,-0.058878401,2.00003E+11,,,,,,,,,,,,,,,,,,,,,,,,,,,,,,,,,,,,,,,,,,,,,,,,
CR08,Shop / Showroom,"Copeland park cafe, The Clf Art Cafe, 133 Copeland Road, London, SE15 3SN","BABOO (WHOLESALE MEATS) LTD, UNIT 8, INDUSTRIAL PARK, 133 COPELAND ROAD, LONDON, SE15 3SN",51.47000756,-0.065765147,2.00003E+11,,,,,,,,,,,,,,,,,,,,,,,,,,,,,,,,,,,,,,,,,,,,,,,,
CC,Community Services,"Copleston centre, Copleston Centre, Copleston Road, London, SE15 4AN","COPLESTON CENTRE, COPLESTON ROAD, LONDON, SE15 4AN",51.46582254,-0.076992274,2.00003E+11,,,,,,,,,,,,,,,,,,,,,,,,,,,,,,,,,,,,,,,,,,,,,,,,
CR08,Shop / Showroom,"Criterion  restaurant, 129 Peckham High Street, London, SE15 5SL","THE CRITERION, 129 PECKHAM HIGH STREET, LONDON, SE15 5SL",51.47417913,-0.067295362,2.00003E+11,,,,,,,,,,,,,,,,,,,,,,,,,,,,,,,,,,,,,,,,,,,,,,,,
CR07,Restaurant / Cafeteria,"Crossroads cafe, 190 Bellenden Road, London, SE15 4BW","CROSSROADS CAFE, 190 BELLENDEN ROAD, LONDON, SE15 4BW",51.46690878,-0.07304487,2.00003E+11,,,,,,,,,,,,,,,,,,,,,,,,,,,,,,,,,,,,,,,,,,,,,,,,
X,Dual Use,"Crossways cafe, 93 Evelina Road, London, SE15 3HL","CROSSWAYS CAFE, 93 EVELINA ROAD, LONDON, SE15 3HL",51.46676037,-0.055342177,2.00003E+11,,,,,,,,,,,,,,,,,,,,,,,,,,,,,,,,,,,,,,,,,,,,,,,,
CO01,Office / Work Studio,"Cuisine africana, The Aylesham Centre, Rye Lane, London, SE15 5EW","TIGER MANAGEMENT, AYLESHAM CENTRE, RYE LANE, LONDON, SE15 5EW",51.47273616,-0.068681094,2.00003E+11,,,,,,,,,,,,,,,,,,,,,,,,,,,,,,,,,,,,,,,,,,,,,,,,
RD06,Self Contained Flat (Includes Maisonette / Apartment),"Cynthia a's cakes sugarcraft, Unit 10, 137 Rye Lane, London, SE15 4ST","FLAT 1, THALIA COURT, 137 RYE LANE, LONDON, SE15 4ST",51.46945584,-0.067710951,10013525740,,,,,,,,,,,,,,,,,,,,,,,,,,,,,,,,,,,,,,,,,,,,,,,,
CR08,Shop / Showroom,"Dans food, 97 Queens Road, London, SE15 2EZ","DANS FOOD, 97 QUEENS ROAD, LONDON, SE15 2EZ",51.47410125,-0.060401135,2.00003E+11,,,,,,,,,,,,,,,,,,,,,,,,,,,,,,,,,,,,,,,,,,,,,,,,
CR08,Shop / Showroom,"Daphanies taste of the caribbean, 173 Peckham High Street, London, SE15 5SL","DAPHNES, 173 PECKHAM HIGH STREET, LONDON, SE15 5SL",51.47418161,-0.065264878,2.00003E+11,,,,,,,,,,,,,,,,,,,,,,,,,,,,,,,,,,,,,,,,,,,,,,,,
CR08,Shop / Showroom,"Ddk jerk centre, 8 Blenheim Grove, London, SE15 4QL","PEACE UNISEX HAIR, 8 BLENHEIM GROVE, LONDON, SE15 4QL",51.46982694,-0.068947939,2.00003E+11,,,,,,,,,,,,,,,,,,,,,,,,,,,,,,,,,,,,,,,,,,,,,,,,
RD06,Self Contained Flat (Includes Maisonette / Apartment),"Delight cafe - uckg help centre, 178 Rye Lane, London, SE15 4NF","U C K G HELP CENTRE, 176 RYE LANE, LONDON, SE15 4NF",51.46746532,-0.066974377,2.00003E+11,,,,,,,,,,,,,,,,,,,,,,,,,,,,,,,,,,,,,,,,,,,,,,,,
OR04,Additional Mail / Packet Addressee,"Delta express pizza, 9 Peckham High Street, London, SE15 5EB","DELTA EXPRESS CHICKEN, 9 PECKHAM HIGH STREET, LONDON, SE15 5EB",51.47389502,-0.072980874,10091837436,,,,,,,,,,,,,,,,,,,,,,,,,,,,,,,,,,,,,,,,,,,,,,,,
CR08,Shop / Showroom,"Dennis butchers, 135 Peckham High Street, London, SE15 5SL","DENNIS BUTCHERS, 135 PECKHAM HIGH STREET, LONDON, SE15 5SL",51.47416611,-0.067051115,2.00003E+11,,,,,,,,,,,,,,,,,,,,,,,,,,,,,,,,,,,,,,,,,,,,,,,,
CC,Community Services,"Destiny kids nursery, Copleston Centre, Copleston Road, London, SE15 4AN","COPLESTON CENTRE, COPLESTON ROAD, LONDON, SE15 4AN",51.46582254,-0.076992274,2.00003E+11,,,,,,,,,,,,,,,,,,,,,,,,,,,,,,,,,,,,,,,,,,,,,,,,
OR04,Additional Mail / Packet Addressee,"Dixie chicken, 16 Peckham High Street, London, SE15 5DT","DIXIE FRIED CHICKEN, 16 PECKHAM HIGH STREET, LONDON, SE15 5DT",51.47326762,-0.072560927,10091837532,,,,,,,,,,,,,,,,,,,,,,,,,,,,,,,,,,,,,,,,,,,,,,,,
OR04,Additional Mail / Packet Addressee,"East dulwich community nursery, 6 Whaddon House Dog Kennel H, Albrighton Road, London, SE22 8AQ","EAST DULWICH COMMUNITY NURSERY, 6 WHADDON HOUSE, EAST DULWICH ESTATE, LONDON, SE22 8AQ",51.46459285,-0.0809743,10091872820,,,,,,,,,,,,,,,,,,,,,,,,,,,,,,,,,,,,,,,,,,,,,,,,
CC04,Public / Village Hall / Other Community Facility,"East dulwich estate community project & tenants as, Albrighton Community Centre, 37 Albrighton Road, London, SE22 8AH","ALBRIGHTON COMMUNITY CENTRE, 37 ALBRIGHTON ROAD, LONDON, SE22 8AH",51.46461219,-0.081606948,2.00003E+11,,,,,,,,,,,,,,,,,,,,,,,,,,,,,,,,,,,,,,,,,,,,,,,,
X,Dual Use,"F c soper, 141 Evelina Road, London, SE15 3HB","F C SOPERS, 141 EVELINA ROAD, LONDON, SE15 3HB",51.46570475,-0.057301886,2.00003E+11,,,,,,,,,,,,,,,,,,,,,,,,,,,,,,,,,,,,,,,,,,,,,,,,
CR08,Shop / Showroom,"Flock and herd, 155 Bellenden Road, London, SE15 4DH","FLOCK X HERD, 155 BELLENDEN ROAD, LONDON, SE15 4DH",51.46670399,-0.072621574,2.00003E+11,,,,,,,,,,,,,,,,,,,,,,,,,,,,,,,,,,,,,,,,,,,,,,,,
CR08,Shop / Showroom,"Forza win ltd, Unit 4.1 Copeland Industrial P, 133 Copeland Road, London, SE15 3SN","BABOO (WHOLESALE MEATS) LTD, UNIT 8, INDUSTRIAL PARK, 133 COPELAND ROAD, LONDON, SE15 3SN",51.47000756,-0.065765147,2.00003E+11,,,,,,,,,,,,,,,,,,,,,,,,,,,,,,,,,,,,,,,,,,,,,,,,
CR08,Shop / Showroom,"Four quarters, 187 Rye Lane, London, SE15 4TP","THE FOUR QUARTERS, 187 RYE LANE, LONDON, SE15 4TP",51.46806598,-0.066862602,2.00003E+11,,,,,,,,,,,,,,,,,,,,,,,,,,,,,,,,,,,,,,,,,,,,,,,,
CL07CI,Cinema,"Frank's cafe and campari bar, Level 10 Peckham Rye Car Park, 95A Rye Lane, London, SE15 4ST","PREMIER CINEMA, 95A RYE LANE, LONDON, SE15 4ST",51.47104814,-0.068838777,2.00003E+11,,,,,,,,,,,,,,,,,,,,,,,,,,,,,,,,,,,,,,,,,,,,,,,,
CR08,Shop / Showroom,"Fresh fish & seafood, 77 Rye Lane, London, SE15 5EX","RYE LANE FRESH FISH, 77 RYE LANE, LONDON, SE15 5EX",51.47125957,-0.069117827,2.00003E+11,,,,,,,,,,,,,,,,,,,,,,,,,,,,,,,,,,,,,,,,,,,,,,,,
CR08,Shop / Showroom,"Fresh fruit & vegetable for you, 161 Peckham Hill Street, London, SE15 5JZ","HILL STREET FRUIT & VEG, 161 PECKHAM HILL STREET, LONDON, SE15 5JZ",51.47455212,-0.068647593,2.00003E+11,,,,,,,,,,,,,,,,,,,,,,,,,,,,,,,,,,,,,,,,,,,,,,,,
CR08,Shop / Showroom,"Frog on the green, 119 Consort Road, London, SE15 3RU","119 CONSORT ROAD, LONDON, SE15 3RU",51.4678393,-0.061847332,2.00003E+11,,,,,,,,,,,,,,,,,,,,,,,,,,,,,,,,,,,,,,,,,,,,,,,,
CR08,Shop / Showroom,"Full garden, 230 Rye Lane, London, SE15 4NL","FULL GARDEN CHINESE TAKEAWAY, 230 RYE LANE, LONDON, SE15 4NL",51.46627861,-0.066448636,2.00003E+11,,,,,,,,,,,,,,,,,,,,,,,,,,,,,,,,,,,,,,,,,,,,,,,,
CR08,Shop / Showroom,"Fung sing, 40 Peckham Road, London, SE5 8PX","DRAGON WOK, 40 PECKHAM ROAD, LONDON, SE5 8PX",51.47347379,-0.081292799,2.00003E+11,,,,,,,,,,,,,,,,,,,,,,,,,,,,,,,,,,,,,,,,,,,,,,,,
CR07,Restaurant / Cafeteria,"Ganapati south indian restaurant, 38 Holly Grove, London, SE15 5DF","GNAPATTI RESTAURANT, 38 HOLLY GROVE, LONDON, SE15 5DF",51.46969694,-0.073071379,2.00003E+11,,,,,,,,,,,,,,,,,,,,,,,,,,,,,,,,,,,,,,,,,,,,,,,,
CR08,Shop / Showroom,"Ganapati takeaway kitchen, 4 Maxted Road, London, SE15 4LL","GNAPATTI TAKE AWAY, 4 MAXTED ROAD, LONDON, SE15 4LL",51.46617757,-0.072874113,2.00003E+11,,,,,,,,,,,,,,,,,,,,,,,,,,,,,,,,,,,,,,,,,,,,,,,,
CR08,Shop / Showroom,"General store (london) limited, Part Ground Floor, 174 Bellenden Road, London, SE15 4BW","THE GENERAL STORE, 174 BELLENDEN ROAD, LONDON, SE15 4BW",51.46721101,-0.07283057,2.00003E+11,,,,,,,,,,,,,,,,,,,,,,,,,,,,,,,,,,,,,,,,,,,,,,,,
CR08,Shop / Showroom,"Ghana mini market, 1 Choumert Road, London, SE15 4SE","GHANA MINI MARKET, 1 CHOUMERT ROAD, LONDON, SE15 4SE",51.46808021,-0.067725876,2.00003E+11,,,,,,,,,,,,,,,,,,,,,,,,,,,,,,,,,,,,,,,,,,,,,,,,
CR08,Shop / Showroom,"God bless new cafe, 14 Choumert Road, London, SE15 4SE","GOD BLESS, 14 CHOUMERT ROAD, LONDON, SE15 4SE",51.46821551,-0.068296079,2.00003E+11,,,,,,,,,,,,,,,,,,,,,,,,,,,,,,,,,,,,,,,,,,,,,,,,
OR04,Additional Mail / Packet Addressee,"Goitom behr, 144 Rye Lane, London, SE15 4RZ","BIG GIRL, 104 RYE LANE, LONDON, SE15 4RZ",51.46920425,-0.068268716,10091838251,,,,,,,,,,,,,,,,,,,,,,,,,,,,,,,,,,,,,,,,,,,,,,,,
CR08,Shop / Showroom,"Golden noodle, 177 Queens Road, London, SE15 2ND","GOLDEN NOODLES, 177 QUEENS ROAD, LONDON, SE15 2ND",51.47353272,-0.056479743,2.00003E+11,,,,,,,,,,,,,,,,,,,,,,,,,,,,,,,,,,,,,,,,,,,,,,,,
RD06,Self Contained Flat (Includes Maisonette / Apartment),"Golden taste, 18a Peckham Rye, London, SE15 4JR","28A PECKHAM RYE, LONDON, SE15 4JR",51.46576143,-0.066715251,2.00003E+11,,,,,,,,,,,,,,,,,,,,,,,,,,,,,,,,,,,,,,,,,,,,,,,,
CE02,Children’s Nursery / Crèche,"Gosling nursery, 106 Evelina Road, London, SE15 3HL","GOSLINGS NURSERY, 106 EVELINA ROAD, LONDON, SE15 3HL",51.46645762,-0.056607626,2.00003E+11,,,,,,,,,,,,,,,,,,,,,,,,,,,,,,,,,,,,,,,,,,,,,,,,
RD06,Self Contained Flat (Includes Maisonette / Apartment),"Gosnells beverages ltd, Unit 10 Print Village, 58 Chadwick Road, London, SE15 4PU","2 & 5 & 8, WINDSOR COURT, 61 CHADWICK ROAD, LONDON, SE15 4PU",51.46793537,-0.073131199,2.00003E+11,,,,,,,,,,,,,,,,,,,,,,,,,,,,,,,,,,,,,,,,,,,,,,,,
CR06,Public House / Bar / Nightclub,"Gowlett arms, 62 Gowlett Road, London, SE15 4HY","GOWLETT ARMS, 62 GOWLETT ROAD, LONDON, SE15 4HY",51.46380939,-0.070497675,2.00003E+11,,,,,,,,,,,,,,,,,,,,,,,,,,,,,,,,,,,,,,,,,,,,,,,,
RI01,Care / Nursing Home,"Greenhive, 50 Brayards Road, London, SE15 2BQ","GREENHIVE HOUSE, 50 BRAYARDS ROAD, LONDON, SE15 2BQ",51.46863057,-0.061842595,2.00003E+11,,,,,,,,,,,,,,,,,,,,,,,,,,,,,,,,,,,,,,,,,,,,,,,,
CO01,Office / Work Studio,"Greggs, Unit 8 The Aylesham Centre, Rye Lane, London, SE15 5EW","TIGER MANAGEMENT, AYLESHAM CENTRE, RYE LANE, LONDON, SE15 5EW",51.47273616,-0.068681094,2.00003E+11,,,,,,,,,,,,,,,,,,,,,,,,,,,,,,,,,,,,,,,,,,,,,,,,
CR08,Shop / Showroom,"Greggs the bakers, 66 Peckham High Street, London, SE15 5DP","GREGGS, 66 PECKHAM HIGH STREET, LONDON, SE15 5DP",51.47306657,-0.070179086,2.00003E+11,,,,,,,,,,,,,,,,,,,,,,,,,,,,,,,,,,,,,,,,,,,,,,,,
CR08,Shop / Showroom,"Gregsons pharmacy ltd, 60 Nunhead Lane, London, SE15 3QE","SHEEL PHARMACY, 60 NUNHEAD LANE, LONDON, SE15 3QE",51.46444686,-0.058996545,2.00003E+11,,,,,,,,,,,,,,,,,,,,,,,,,,,,,,,,,,,,,,,,,,,,,,,,
RD04,Terraced,"Guidetti fine foods & wines, Unit C Astbury Business Park, Astbury Road, London, SE15 2NW","64 ASTBURY ROAD, LONDON, SE15 2NW",51.47581255,-0.055677219,2.00003E+11,,,,,,,,,,,,,,,,,,,,,,,,,,,,,,,,,,,,,,,,,,,,,,,,
RD06,Self Contained Flat (Includes Maisonette / Apartment),"H barry, 60 Gibbon Road, London, SE15 3XE","BERRY, 62 GIBBON ROAD, LONDON, SE15 3XE",51.46643322,-0.051886305,2.00003E+11,,,,,,,,,,,,,,,,,,,,,,,,,,,,,,,,,,,,,,,,,,,,,,,,
CR08,Shop / Showroom,"H.a smith & son, 111 Evelina Road, London, SE15 3HB","H A SMITH BUTCHERS, 113 EVELINA ROAD, LONDON, SE15 3HB",51.46621944,-0.056344196,2.00003E+11,,,,,,,,,,,,,,,,,,,,,,,,,,,,,,,,,,,,,,,,,,,,,,,,
CR08,Shop / Showroom,"Hagi vegetable & grocery, 143 Peckham High Street, London, SE15 5SL","HAGI VEG GROCERS, 143 PECKHAM HIGH STREET, LONDON, SE15 5SL",51.47416964,-0.06671977,2.00003E+11,,,,,,,,,,,,,,,,,,,,,,,,,,,,,,,,,,,,,,,,,,,,,,,,
CR08,Shop / Showroom,"Haji baba halal meats, 174 Rye Lane, London, SE15 4NB","RYE LANE NEWS, 164 RYE LANE, LONDON, SE15 4NB",51.46777916,-0.067465037,2.00003E+11,,,,,,,,,,,,,,,,,,,,,,,,,,,,,,,,,,,,,,,,,,,,,,,,
CR08,Shop / Showroom,"Harte's irish meat market, 59 Rye Lane, London, SE15 5EX","HARTES BUTCHERS, 59 RYE LANE, LONDON, SE15 5EX",51.4717692,-0.069485084,2.00003E+11,,,,,,,,,,,,,,,,,,,,,,,,,,,,,,,,,,,,,,,,,,,,,,,,
CR08,Shop / Showroom,"Hax international, 156 Rye Lane, London, SE15 4NB","HAX, 156 RYE LANE, LONDON, SE15 4NB",51.46796126,-0.067601321,10090287140,,,,,,,,,,,,,,,,,,,,,,,,,,,,,,,,,,,,,,,,,,,,,,,,
RD03,Semi-Detached,"Highshore school, Highshore School, Bellenden Road, London, SE15 5BB","40 BELLENDEN ROAD, LONDON, SE15 5BB",51.47260452,-0.072704071,2.00003E+11,,,,,,,,,,,,,,,,,,,,,,,,,,,,,,,,,,,,,,,,,,,,,,,,
CR08,Shop / Showroom,"Holland & barrett ltd, Unit 9 Aylesham Centre, Rye Lane, SE15 5EW","HOLLAND & BARRETT LTD, UNIT 9, AYLESHAM CENTRE, RYE LANE, LONDON, SE15 5EW",51.47273616,-0.068681094,2.00003E+11,,,,,,,,,,,,,,,,,,,,,,,,,,,,,,,,,,,,,,,,,,,,,,,,
CR06,Public House / Bar / Nightclub,"Hollydale tavern, 115 Hollydale Road, London, SE15 2TF","HOLLYDALE TAVERN, 115 HOLLYDALE ROAD, LONDON, SE15 2TF",51.46961771,-0.056286164,2.00003E+11,,,,,,,,,,,,,,,,,,,,,,,,,,,,,,,,,,,,,,,,,,,,,,,,
RD06,Self Contained Flat (Includes Maisonette / Apartment),"Hoopers, 28 Ivanhoe Road, London, SE5 8DH","28 IVANHOE ROAD, LONDON, SE5 8DH",51.46571649,-0.079601899,10091664572,,,,,,,,,,,,,,,,,,,,,,,,,,,,,,,,,,,,,,,,,,,,,,,,
CR08,Shop / Showroom,"Iceland frozen foods, 74 Rye Lane, London, SE15 5DQ","ICELAND FOODS PLC, 74 RYE LANE, LONDON, SE15 5DQ",51.47039957,-0.069099423,2.00003E+11,,,,,,,,,,,,,,,,,,,,,,,,,,,,,,,,,,,,,,,,,,,,,,,,
CR07,Restaurant / Cafeteria,"Il giardino restaurant, 7 Blenheim Grove, London, SE15 4QS","IL GIARDINO RESTAURANT, 7 BLENHEIM GROVE, LONDON, SE15 4QS",51.4694786,-0.069092232,2.00003E+11,,,,,,,,,,,,,,,,,,,,,,,,,,,,,,,,,,,,,,,,,,,,,,,,
CE03PS,Primary School,"In house catering john donne primary school, John Donne Primary School, Woods Road, London, SE15 2SW","JOHN DONNE PRIMARY SCHOOL, WOODS ROAD, LONDON, SE15 2SW",51.47304639,-0.061324249,2.00003E+11,,,,,,,,,,,,,,,,,,,,,,,,,,,,,,,,,,,,,,,,,,,,,,,,
CR08,Shop / Showroom,"Isatus kitchen, 4 Station Way, London, SE15 4RX","3 STATION WAY, LONDON, SE15 4RX",51.46997522,-0.06921525,2.00003E+11,,,,,,,,,,,,,,,,,,,,,,,,,,,,,,,,,,,,,,,,,,,,,,,,
CE03PS,Primary School,"Iss caterhouse, 83 Peckham Road, London, SE5 8UH","OLIVER GOLDSMITH PRIMARY SCHOOL, 83 PECKHAM ROAD, LONDON, SE5 8UH",51.47472285,-0.077942787,2.00003E+11,,,,,,,,,,,,,,,,,,,,,,,,,,,,,,,,,,,,,,,,,,,,,,,,
CE03PS,Primary School,"Iss caterhouse, St James The Great School, Peckham Road, London, SE15 5LP","ST. JAMES THE GREAT CATHOLIC PRIMARY SCHOOL, PECKHAM ROAD, LONDON, SE15 5LP",51.47434694,-0.073120227,10000812518,,,,,,,,,,,,,,,,,,,,,,,,,,,,,,,,,,,,,,,,,,,,,,,,
CE03PS,Primary School,"Iss caterhouse ltd, St Johns And St Clements Prima, Adys Road, London, SE15 4DY","ST. JOHNS & ST. CLEMENTS PRIMARY SCHOOL, ADYS ROAD, LONDON, SE15 4DY",51.46309333,-0.071794757,2.00003E+11,,,,,,,,,,,,,,,,,,,,,,,,,,,,,,,,,,,,,,,,,,,,,,,,
CR08,Shop / Showroom,"Iya pupa, 30 Choumert Road, London, SE15 4SE","TESSAS BARGAIN, 30 CHOUMERT ROAD, LONDON, SE15 4SE",51.46817721,-0.068700839,2.00003E+11,,,,,,,,,,,,,,,,,,,,,,,,,,,,,,,,,,,,,,,,,,,,,,,,
CR08,Shop / Showroom,"J & j butchers, 132 Rye Lane, London, SE15 4RZ","J & J BUTCHERS, 132 RYE LANE, LONDON, SE15 4RZ",51.4685338,-0.067965878,2.00003E+11,,,,,,,,,,,,,,,,,,,,,,,,,,,,,,,,,,,,,,,,,,,,,,,,
CR08,Shop / Showroom,"J & t fish & seafood, 7C Choumert Road, London, SE15 4SE","J & T FISH, 7C CHOUMERT ROAD, LONDON, SE15 4SE",51.46793339,-0.068639146,10009801326,,,,,,,,,,,,,,,,,,,,,,,,,,,,,,,,,,,,,,,,,,,,,,,,
CR08,Shop / Showroom,"J f ayre ltd, 131 Evelina Road, London, SE15 3HB","J F AYRE LTD, 131 EVELINA ROAD, LONDON, SE15 3HB",51.46599414,-0.056857675,2.00003E+11,,,,,,,,,,,,,,,,,,,,,,,,,,,,,,,,,,,,,,,,,,,,,,,,
CR08,Shop / Showroom,"Jaffa food store, 168 Rye Lane, London, SE15 4NB","JAFFA FOODS, 168 RYE LANE, LONDON, SE15 4NB",51.4677345,-0.067352605,10090286043,,,,,,,,,,,,,,,,,,,,,,,,,,,,,,,,,,,,,,,,,,,,,,,,
CR08,Shop / Showroom,"Jamaica spice ltd, 207 Rye Lane, London, SE15 4TP","TASTY BAKERY, 207 RYE LANE, LONDON, SE15 4TP",51.46767482,-0.06659118,2.00003E+11,,,,,,,,,,,,,,,,,,,,,,,,,,,,,,,,,,,,,,,,,,,,,,,,
OR04,Additional Mail / Packet Addressee,"Jb's soul food, 27a Peckham High Street, London, SE15 5EB","RAM JAM TAKEAWAY, 27A PECKHAM HIGH STREET, LONDON, SE15 5EB",51.47370559,-0.072398469,10091837438,,,,,,,,,,,,,,,,,,,,,,,,,,,,,,,,,,,,,,,,,,,,,,,,
CR08,Shop / Showroom,"Jenny's, 12 Station Way, London, SE15 4RX","JENNYS, 12 STATION WAY, LONDON, SE15 4RX",51.4700244,-0.068925203,2.00003E+11,,,,,,,,,,,,,,,,,,,,,,,,,,,,,,,,,,,,,,,,,,,,,,,,
X,Dual Use,"Jerkiz caribbean cuisine, 100 Evelina Road, London, SE15 3HL","NKEMS AFRICAN QUISINE, 100 EVELINA ROAD, LONDON, SE15 3HL",51.46658152,-0.056487182,2.00003E+11,,,,,,,,,,,,,,,,,,,,,,,,,,,,,,,,,,,,,,,,,,,,,,,,
CR,Retail,"Julian supermarket, 137 Brayards Road, London, SE15 2BX","JULIAN SUPERMARKET, 137 BRAYARDS ROAD, LONDON, SE15 2BX",51.46973468,-0.057375476,2.00003E+11,,,,,,,,,,,,,,,,,,,,,,,,,,,,,,,,,,,,,,,,,,,,,,,,
CR08,Shop / Showroom,"K & k butchers, 146 Rye Lane, London, SE15 4RZ","K & K BUTCHERS, 146 RYE LANE, LONDON, SE15 4RZ",51.46827011,-0.067789843,2.00003E+11,,,,,,,,,,,,,,,,,,,,,,,,,,,,,,,,,,,,,,,,,,,,,,,,
CR08,Shop / Showroom,"K&a centre ltd, 90 Rye Lane, London, SE15 4RZ","K & A FOODS, 90 RYE LANE, LONDON, SE15 4RZ",51.46953202,-0.068514042,2.00003E+11,,,,,,,,,,,,,,,,,,,,,,,,,,,,,,,,,,,,,,,,,,,,,,,,
RD08,Sheltered Accommodation,"Kairos, John Kitchen Centre, 22 Linden Grove, London, SE15 3LF","JOHN KITCHEN CENTRE MAINTENANCE, 22 LINDEN GROVE, LONDON, SE15 3LF",51.46341731,-0.059817642,2.00003E+11,,,,,,,,,,,,,,,,,,,,,,,,,,,,,,,,,,,,,,,,,,,,,,,,
X,Dual Use,"Kam foh, 19 Peckham High Street, London, SE15 5EB","KAM FOH, 19 PECKHAM HIGH STREET, LONDON, SE15 5EB",51.4737815,-0.072640064,2.00003E+11,,,,,,,,,,,,,,,,,,,,,,,,,,,,,,,,,,,,,,,,,,,,,,,,
X,Dual Use,"Kapadokya, 44 Peckham Rye, London, SE15 4JR","KAPADOKYA FISH SHOP, 44 PECKHAM RYE, LONDON, SE15 4JR",51.46538448,-0.066759978,2.00003E+11,,,,,,,,,,,,,,,,,,,,,,,,,,,,,,,,,,,,,,,,,,,,,,,,
OR04,Additional Mail / Packet Addressee,"Kashmir grocers, 18 Choumert Road, London, SE15 4SE","KASMIR GROCERS, 18 CHOUMERT ROAD, LONDON, SE15 4SE",51.46820794,-0.068382787,10091838253,,,,,,,,,,,,,,,,,,,,,,,,,,,,,,,,,,,,,,,,,,,,,,,,
CR08,Shop / Showroom,"Katies, 165 Peckham Hill Street, London, SE15 5JZ","KATIES, 165 PECKHAM HILL STREET, LONDON, SE15 5JZ",51.47446131,-0.068593829,2.00003E+11,,,,,,,,,,,,,,,,,,,,,,,,,,,,,,,,,,,,,,,,,,,,,,,,
CR08,Shop / Showroom,"Katies kebab, 130 Peckham Hill Street, London, SE15 5JT","KATIES KEBABS, 130 PECKHAM HILL STREET, LONDON, SE15 5JT",51.47408957,-0.068955127,2.00003E+11,,,,,,,,,,,,,,,,,,,,,,,,,,,,,,,,,,,,,,,,,,,,,,,,
RD06,Self Contained Flat (Includes Maisonette / Apartment),"Keerthanaa store, 97 Azenby Road, London, SE15 5AJ","7 AZENBY ROAD, LONDON, SE15 5AJ",51.46957128,-0.077468179,2.00003E+11,,,,,,,,,,,,,,,,,,,,,,,,,,,,,,,,,,,,,,,,,,,,,,,,
PP,Property Shell,"Kentucky fried chicken, 32 Rye Lane, London, SE15 5BS","32 RYE LANE, LONDON, SE15 5BS",51.47178837,-0.070103435,2.00003E+11,,,,,,,,,,,,,,,,,,,,,,,,,,,,,,,,,,,,,,,,,,,,,,,,
CR08,Shop / Showroom,"Kgf (kingdom gift centre), 208 Rye Lane, London, SE15 4NL","K G C CHRISTIAN GIFTS, 208 RYE LANE, LONDON, SE15 4NL",51.46666146,-0.066216489,2.00003E+11,,,,,,,,,,,,,,,,,,,,,,,,,,,,,,,,,,,,,,,,,,,,,,,,
PP,Property Shell,"Khan's bargain limited (grocery), 135 Rye Lane, London, SE15 4ST","KHANS BARGAIN LTD, 135 RYE LANE, LONDON, SE15 4ST",51.46980818,-0.06726411,2.00003E+11,,,,,,,,,,,,,,,,,,,,,,,,,,,,,,,,,,,,,,,,,,,,,,,,
X,Dual Use,"Khf, 35 Peckham High Street, London, SE15 5EB","35 PECKHAM HIGH STREET, LONDON, SE15 5EB",51.47359562,-0.071726321,2.00003E+11,,,,,,,,,,,,,,,,,,,,,,,,,,,,,,,,,,,,,,,,,,,,,,,,
CR09,Other Licensed Premise / Vendor,"Kim lien, 47 Peckham High Street, London, SE15 5EB","KIN LIEN MINI MARKET, 47 PECKHAM HIGH STREET, LONDON, SE15 5EB",51.47352325,-0.071153388,2.00003E+11,,,,,,,,,,,,,,,,,,,,,,,,,,,,,,,,,,,,,,,,,,,,,,,,
CR08,Shop / Showroom,"King valley fried chicken, 56 Gibbon Road, London, SE15 3XE","KING VALLEY FISH SHOP, 56 GIBBON ROAD, LONDON, SE15 3XE",51.46655807,-0.051823397,2.00003E+11,,,,,,,,,,,,,,,,,,,,,,,,,,,,,,,,,,,,,,,,,,,,,,,,
CR08,Shop / Showroom,"Kitchen 54, 119 Queens Road, London, SE15 2EZ","KITCHEN 54, 119 QUEENS ROAD, LONDON, SE15 2EZ",51.47391289,-0.059343542,2.00003E+11,,,,,,,,,,,,,,,,,,,,,,,,,,,,,,,,,,,,,,,,,,,,,,,,
RD06,Self Contained Flat (Includes Maisonette / Apartment),"Kna food centre, 92 Rye Lane, London, SE15 4RZ","FLAT 3, NAWAZ COURT 92A, RYE LANE, LONDON, SE15 4RZ",51.46953202,-0.068514042,10090748862,,,,,,,,,,,,,,,,,,,,,,,,,,,,,,,,,,,,,,,,,,,,,,,,
CR08,Shop / Showroom,"Kristal pharmacy, 127 Evelina Road, London, SE15 3HB","KRISTALS PHARMACY, 127 EVELINA ROAD, LONDON, SE15 3HB",51.46605609,-0.056797454,2.00003E+11,,,,,,,,,,,,,,,,,,,,,,,,,,,,,,,,,,,,,,,,,,,,,,,,
CR08,Shop / Showroom,"Krootown market, 5 Choumert Road, London, SE15 4SE","L P CORTURE, 5 CHOUMERT ROAD, LONDON, SE15 4SE",51.46792061,-0.068409319,2.00003E+11,,,,,,,,,,,,,,,,,,,,,,,,,,,,,,,,,,,,,,,,,,,,,,,,
CR08,Shop / Showroom,"Kumasi market, 74 Peckham High Street, London, SE15 5ED","DIVINE MONEY SHOP, 74 PECKHAM HIGH STREET, LONDON, SE15 5ED",51.47343453,-0.069587573,2.00003E+11,,,,,,,,,,,,,,,,,,,,,,,,,,,,,,,,,,,,,,,,,,,,,,,,
RD06,Self Contained Flat (Includes Maisonette / Apartment),"Le petit jardin, 48 Rye Lane, SE15 5BY","FLAT 4, 38 RYE LANE, LONDON, SE15 5BY",51.47131658,-0.069849766,10009803690,,,,,,,,,,,,,,,,,,,,,,,,,,,,,,,,,,,,,,,,,,,,,,,,
CR08,Shop / Showroom,"Lerryn's, 200 Rye Lane, London, SE15 4NF","LERRYNS CAFE, 200 RYE LANE, LONDON, SE15 4NF",51.46689535,-0.066220998,2.00003E+11,,,,,,,,,,,,,,,,,,,,,,,,,,,,,,,,,,,,,,,,,,,,,,,,
CR08,Shop / Showroom,"Lidl uk gmbh, 5 Bellenden Road, London, SE15 5BA","LIDL UK GMBH, 3 BELLENDEN ROAD, LONDON, SE15 5BA",51.47225192,-0.07055516,10000818822,,,,,,,,,,,,,,,,,,,,,,,,,,,,,,,,,,,,,,,,,,,,,,,,
OR04,Additional Mail / Packet Addressee,"Lime tree house, Lime Tree House, 2 Dundas Road, London, SE15 2DL","MANAGERS OFFICE, 2A LIME TREE HOUSE, 2 DUNDAS ROAD, LONDON, SE15 2DL",51.47026233,-0.054487734,10091837929,,,,,,,,,,,,,,,,,,,,,,,,,,,,,,,,,,,,,,,,,,,,,,,,
CR08,Shop / Showroom,"Lions fried chicken, 165 Queens Road, London, SE15 2ND","MORLEYS FRIED CHICKEN, 189 QUEENS ROAD, LONDON, SE15 2ND",51.47346028,-0.055906837,2.00003E+11,,,,,,,,,,,,,,,,,,,,,,,,,,,,,,,,,,,,,,,,,,,,,,,,
CR08,Shop / Showroom,"Little hut, 59 Peckham High Street, London, SE15 5EB","LITTLE HUT, 59 PECKHAM HIGH STREET, LONDON, SE15 5EB",51.47356793,-0.070589917,2.00003E+11,,,,,,,,,,,,,,,,,,,,,,,,,,,,,,,,,,,,,,,,,,,,,,,,
CE02,Children’s Nursery / Crèche,"Little jungle nursery, 60a Amott Road, London, SE15 4JD","LITTLE JUNGLE NURSERY, 60A AMOTT ROAD, LONDON, SE15 4JD",51.46393332,-0.071471417,2.00003E+11,,,,,,,,,,,,,,,,,,,,,,,,,,,,,,,,,,,,,,,,,,,,,,,,
OR04,Additional Mail / Packet Addressee,"Little winners day nursery, 281 Rye Lane, London, SE15 4UA","LITTLE WINNERS NURSERY, 281 RYE LANE, LONDON, SE15 4UA",51.4659981,-0.065798219,10091837739,,,,,,,,,,,,,,,,,,,,,,,,,,,,,,,,,,,,,,,,,,,,,,,,
CR08,Shop / Showroom,"Lolak, 38 Choumert Road, London, SE15 4SE","LODAK AFRIQUE RESTAURANT, 38 CHOUMERT ROAD, LONDON, SE15 4SE",51.46811952,-0.06902003,2.00003E+11,,,,,,,,,,,,,,,,,,,,,,,,,,,,,,,,,,,,,,,,,,,,,,,,
CI04,Warehouse / Store / Storage Depot,"London self storage centre, 37 Peckham Road, London, SE5 8UH","BUNGALOW, 37 PECKHAM ROAD, LONDON, SE5 8UH",51.47392782,-0.081561742,2.00003E+11,,,,,,,,,,,,,,,,,,,,,,,,,,,,,,,,,,,,,,,,,,,,,,,,
CR07,Restaurant / Cafeteria,"M manze, 105 Peckham High Street, London, SE15 5RS","M MANZE PIE & MASH, 105 PECKHAM HIGH STREET, LONDON, SE15 5RS",51.47401673,-0.068900604,2.00003E+11,,,,,,,,,,,,,,,,,,,,,,,,,,,,,,,,,,,,,,,,,,,,,,,,
C,Commercial,"Magic mind, 54 Linden Grove, London, SE15 3LF","54 LINDEN GROVE, LONDON, SE15 3LF",51.46247354,-0.058216506,2.00003E+11,,,,,,,,,,,,,,,,,,,,,,,,,,,,,,,,,,,,,,,,,,,,,,,,
CR06,Public House / Bar / Nightclub,"Man of kent, 2 Nunhead Green, London, SE15 3QF","MAN OF KENT, 2 NUNHEAD GREEN, LONDON, SE15 3QF",51.46475662,-0.058695463,2.00003E+11,,,,,,,,,,,,,,,,,,,,,,,,,,,,,,,,,,,,,,,,,,,,,,,,
CR08,Shop / Showroom,"Mango associates, 145 Peckham High Street, London, SE15 5SL","MANGO ACCESSORIES, 145 PECKHAM HIGH STREET, LONDON, SE15 5SL",51.47417767,-0.06666183,2.00003E+11,,,,,,,,,,,,,,,,,,,,,,,,,,,,,,,,,,,,,,,,,,,,,,,,
CI03,Workshop / Light Industrial,"Mani caterers, 149 Copeland Road, London, SE15 3SN","PECKHAM CAR WASH, 141 COPELAND ROAD, LONDON, SE15 3SN",51.47000045,-0.065154518,2.00003E+11,,,,,,,,,,,,,,,,,,,,,,,,,,,,,,,,,,,,,,,,,,,,,,,,
RD06,Self Contained Flat (Includes Maisonette / Apartment),"Marampa koya, 7 The Market, Choumert Road, London, SE15 4BG","SUNRISE CAFE, 7 THE MARKET, CHOUMERT ROAD, LONDON, SE15 4BG",51.468062,-0.067712248,10090285282,,,,,,,,,,,,,,,,,,,,,,,,,,,,,,,,,,,,,,,,,,,,,,,,
CR08,Shop / Showroom,"Mason & white ltd, 147 Peckham Hill Street, London, SE15 5JZ","LLOYDS PHARMACY, 147 PECKHAM HILL STREET, LONDON, SE15 5JZ",51.47486878,-0.068763819,2.00003E+11,,,,,,,,,,,,,,,,,,,,,,,,,,,,,,,,,,,,,,,,,,,,,,,,
CR08,Shop / Showroom,"Mc neils, 26a Peckham Rye, London, SE15 4JR","MCNEILS, 26A PECKHAM RYE, LONDON, SE15 4JR",51.46581739,-0.066771482,2.00003E+11,,,,,,,,,,,,,,,,,,,,,,,,,,,,,,,,,,,,,,,,,,,,,,,,
CR07,Restaurant / Cafeteria,"Mcdonalds, 72 Rye Lane, London, SE15 5DQ","MCDONALDS RESTAURANTS LTD, 72 RYE LANE, LONDON, SE15 5DQ",51.47053712,-0.069479501,2.00003E+11,,,,,,,,,,,,,,,,,,,,,,,,,,,,,,,,,,,,,,,,,,,,,,,,
CR08,Shop / Showroom,"Mfc (mediterranean food centre), 261 Rye Lane, London, SE15 4UR","MAGNET LTD, CO OPERATIVE HOUSE, 261 RYE LANE, LONDON, SE15 4UR",51.46653539,-0.065660319,10013525420,,,,,,,,,,,,,,,,,,,,,,,,,,,,,,,,,,,,,,,,,,,,,,,,
RD06,Self Contained Flat (Includes Maisonette / Apartment),"Mighty fine kitchen ltd, Unit 11 Print Village, 58 Chadwick Road, London, SE15 4PU","2 & 5 & 8, WINDSOR COURT, 61 CHADWICK ROAD, LONDON, SE15 4PU",51.46793537,-0.073131199,2.00003E+11,,,,,,,,,,,,,,,,,,,,,,,,,,,,,,,,,,,,,,,,,,,,,,,,
CR08,Shop / Showroom,"Monley's, 2a Kirkwood Road, London, SE15 3XX","MONLEYS CHICKEN, 2A KIRKWOOD ROAD, LONDON, SE15 3XX",51.46602475,-0.057619432,2.00003E+11,,,,,,,,,,,,,,,,,,,,,,,,,,,,,,,,,,,,,,,,,,,,,,,,
CR08,Shop / Showroom,"Morleys fried chicken, 163 Rye Lane, London, SE15 4TL","APEX, 163 RYE LANE, LONDON, SE15 4TL",51.46857752,-0.067344913,2.00003E+11,,,,,,,,,,,,,,,,,,,,,,,,,,,,,,,,,,,,,,,,,,,,,,,,
CR08,Shop / Showroom,"Morleys fried chicken, 189 Queens Road, London, SE15 2ND","MORLEYS FRIED CHICKEN, 189 QUEENS ROAD, LONDON, SE15 2ND",51.47346028,-0.055906837,2.00003E+11,,,,,,,,,,,,,,,,,,,,,,,,,,,,,,,,,,,,,,,,,,,,,,,,
OR04,Additional Mail / Packet Addressee,"Morleys fried chicken, 10 Peckham High Street, London, SE15 5DT","DIXIE FRIED CHICKEN, 16 PECKHAM HIGH STREET, LONDON, SE15 5DT",51.47326762,-0.072560927,10091837532,,,,,,,,,,,,,,,,,,,,,,,,,,,,,,,,,,,,,,,,,,,,,,,,
CO01,Office / Work Studio,"Morrisons, Morrisons Petrol Station The, Rye Lane, London, SE15 5EW","TIGER MANAGEMENT, AYLESHAM CENTRE, RYE LANE, LONDON, SE15 5EW",51.47273616,-0.068681094,2.00003E+11,,,,,,,,,,,,,,,,,,,,,,,,,,,,,,,,,,,,,,,,,,,,,,,,
CO01,Office / Work Studio,"Morrisons, Unit 3 The Aylesham Centre, Rye Lane, London, SE15 5EW","TIGER MANAGEMENT, AYLESHAM CENTRE, RYE LANE, LONDON, SE15 5EW",51.47273616,-0.068681094,2.00003E+11,,,,,,,,,,,,,,,,,,,,,,,,,,,,,,,,,,,,,,,,,,,,,,,,
CR08,Shop / Showroom,"Muana london, Unit 2, 12 Blenheim Grove, London, SE15 4QL","MUANA LONDON, UNIT 2, 12 BLENHEIM GROVE, LONDON, SE15 4QL",51.46973259,-0.069225493,2.00003E+11,,,,,,,,,,,,,,,,,,,,,,,,,,,,,,,,,,,,,,,,,,,,,,,,
CR08,Shop / Showroom,"New london butchers, 52 Rye Lane, London, SE15 5BY","LONDON BUTCHERS LTD, 52 RYE LANE, LONDON, SE15 5BY",51.4711534,-0.06977026,2.00003E+11,,,,,,,,,,,,,,,,,,,,,,,,,,,,,,,,,,,,,,,,,,,,,,,,
X,Dual Use,"New lotus king, 176 Bellenden Road, London, SE15 4BW","LOTUS HOUSE TAKE AWAY, 176 BELLENDEN ROAD, LONDON, SE15 4BW",51.46719328,-0.072845715,2.00003E+11,,,,,,,,,,,,,,,,,,,,,,,,,,,,,,,,,,,,,,,,,,,,,,,,
CR08,Shop / Showroom,"Nisa nunhead express, 2 Kirkwood Road, London, SE15 3XX","NUNHEAD EXPRESS, 2 KIRKWOOD ROAD, LONDON, SE15 3XX",51.46601576,-0.057619813,2.00003E+11,,,,,,,,,,,,,,,,,,,,,,,,,,,,,,,,,,,,,,,,,,,,,,,,
RD04,Terraced,"No67, 67 Peckham Road, London, SE5 8UH","67 PECKHAM ROAD, LONDON, SE5 8UH",51.47417484,-0.079621803,2.00003E+11,,,,,,,,,,,,,,,,,,,,,,,,,,,,,,,,,,,,,,,,,,,,,,,,
PP,Property Shell,"Noodle house, 63 Peckham High Street, London, SE15 5EB","63 PECKHAM HIGH STREET, LONDON, SE15 5EB",51.47354901,-0.070533116,2.00003E+11,,,,,,,,,,,,,,,,,,,,,,,,,,,,,,,,,,,,,,,,,,,,,,,,
RD04,Terraced,"Nunhead green community centre, 56 Nunhead Lane, London, SE15 3TU","50 NUNHEAD LANE, LONDON, SE15 3TU",51.46404837,-0.061000195,2.00003E+11,,,,,,,,,,,,,,,,,,,,,,,,,,,,,,,,,,,,,,,,,,,,,,,,
PP,Property Shell,"Nunhead pound express, 108 Evelina Road, London, SE15 3HL","HAIR STYLE PLUS, 108 EVELINA ROAD, LONDON, SE15 3HL",51.4664406,-0.056665939,2.00003E+11,,,,,,,,,,,,,,,,,,,,,,,,,,,,,,,,,,,,,,,,,,,,,,,,
OR04,Additional Mail / Packet Addressee,"O'bar/obalande suya, 43A Peckham High Street, London, SE15 5EB","OBALENDE SUYA, 43 PECKHAM HIGH STREET, LONDON, SE15 5EB",51.47375193,-0.071388536,10091837437,,,,,,,,,,,,,,,,,,,,,,,,,,,,,,,,,,,,,,,,,,,,,,,,
CR06,Public House / Bar / Nightclub,"Old nuns head, The Old Nuns Head, 15 Nunhead Green, London, SE15 3QQ","OLD NUNS HEAD, 15 NUNHEAD GREEN, LONDON, SE15 3QQ",51.46527581,-0.05963803,2.00003E+11,,,,,,,,,,,,,,,,,,,,,,,,,,,,,,,,,,,,,,,,,,,,,,,,
RD04,Terraced,"Ownlife ltd, 90 Astbury Road, London, SE15 2NW","90 ASTBURY ROAD, LONDON, SE15 2NW",51.47579799,-0.054799415,2.00003E+11,,,,,,,,,,,,,,,,,,,,,,,,,,,,,,,,,,,,,,,,,,,,,,,,
CR07,Restaurant / Cafeteria,"Ozzies cafe, 192A Rye Lane, London, SE15 4NF","OZZIES COFFEE SHOP, 192A RYE LANE, LONDON, SE15 4NF",51.46706114,-0.066458748,2.00003E+11,,,,,,,,,,,,,,,,,,,,,,,,,,,,,,,,,,,,,,,,,,,,,,,,
CR08,Shop / Showroom,"Pak butchers (peckham) limited, Unit 14 The Aylesham Centre, Rye Lane, London, SE15 5EW","PAK BUTCHERS (PECKHAM) LTD, UNIT 14, AYLESHAM CENTRE, RYE LANE, LONDON, SE15 5EW",51.47273616,-0.068681094,2.00003E+11,,,,,,,,,,,,,,,,,,,,,,,,,,,,,,,,,,,,,,,,,,,,,,,,
X,Dual Use,"Palace chinese, 22 Gibbon Road, London, SE15 2AS","22 GIBBON ROAD, LONDON, SE15 2AS",51.46806103,-0.05243608,2.00003E+11,,,,,,,,,,,,,,,,,,,,,,,,,,,,,,,,,,,,,,,,,,,,,,,,
CR08,Shop / Showroom,"Payless, 121 Peckham High Street, London, SE15 5SF","POST OFFICE, 121 PECKHAM HIGH STREET, LONDON, SE15 5SF",51.47412381,-0.067758495,2.00003E+11,,,,,,,,,,,,,,,,,,,,,,,,,,,,,,,,,,,,,,,,,,,,,,,,
RD06,Self Contained Flat (Includes Maisonette / Apartment),"Payless, 94 Peckham Road, London, SE15 5PY","FLAT 7, PELICAN HOUSE, 92 PECKHAM ROAD, LONDON, SE15 5PY",51.47405151,-0.077035021,10009805551,,,,,,,,,,,,,,,,,,,,,,,,,,,,,,,,,,,,,,,,,,,,,,,,
CR08,Shop / Showroom,"Payless food and wine, 176 Peckham High Street, London, SE15 5EG","PAYLESS FOOD & WINE, 176 PECKHAM HIGH STREET, LONDON, SE15 5EG",51.47369682,-0.06531419,2.00003E+11,,,,,,,,,,,,,,,,,,,,,,,,,,,,,,,,,,,,,,,,,,,,,,,,
X,Dual Use,"Payless supermarket, 10 Gibbon Road, London, SE15 2AS","10 GIBBON ROAD, LONDON, SE15 2AS",51.46829047,-0.052714271,2.00003E+11,,,,,,,,,,,,,,,,,,,,,,,,,,,,,,,,,,,,,,,,,,,,,,,,
CR08,Shop / Showroom,"Peckham afro foods ltd, 64 Rye Lane, London, SE15 5BY","AFRO FOODS, 64 RYE LANE, LONDON, SE15 5BY",51.47087222,-0.069623741,2.00003E+11,,,,,,,,,,,,,,,,,,,,,,,,,,,,,,,,,,,,,,,,,,,,,,,,
CR08,Shop / Showroom,"Peckham afro foods ltd, 71 Rye Lane, London, SE15 5EX","PECKHAM AFRO FOODS, 71 RYE LANE, LONDON, SE15 5EX",51.47135913,-0.06915682,2.00003E+11,,,,,,,,,,,,,,,,,,,,,,,,,,,,,,,,,,,,,,,,,,,,,,,,
CO01,Office / Work Studio,"Peckham greengrocers, 50 Rye Lane, London, SE15 5BY","PECKHAM GREENGROCERS, 50 RYE LANE, LONDON, SE15 5BY",51.47118959,-0.069783131,2.00003E+11,,,,,,,,,,,,,,,,,,,,,,,,,,,,,,,,,,,,,,,,,,,,,,,,
X,Dual Use,"Peckham liberal club, 24 Elm Grove, London, SE15 5DE","PECKHAM LIBERAL CLUB, 24 ELM GROVE, LONDON, SE15 5DE",51.47077789,-0.070995606,2.00003E+11,,,,,,,,,,,,,,,,,,,,,,,,,,,,,,,,,,,,,,,,,,,,,,,,
CL04,Museum / Gallery,"Peckham refreshment rooms, Unit 4, 12 Blenheim Grove, London, SE15 4QL","THE SUNDAY PAINTER, 12 BLENHEIM GROVE, LONDON, SE15 4QL",51.46973259,-0.069225493,10090286666,,,,,,,,,,,,,,,,,,,,,,,,,,,,,,,,,,,,,,,,,,,,,,,,
CL07CI,Cinema,"Peckhamplex, 95A Rye Lane, London, SE15 4ST","PREMIER CINEMA, 95A RYE LANE, LONDON, SE15 4ST",51.47104814,-0.068838777,2.00003E+11,,,,,,,,,,,,,,,,,,,,,,,,,,,,,,,,,,,,,,,,,,,,,,,,
CR,Retail,"Persepolis - taste of persia, 28 Peckham High Street, London, SE15 5DT","PERSEOPOLIS FOOD, 28 PECKHAM HIGH STREET, LONDON, SE15 5DT",51.47333714,-0.071866817,2.00003E+11,,,,,,,,,,,,,,,,,,,,,,,,,,,,,,,,,,,,,,,,,,,,,,,,
CR08,Shop / Showroom,"Petitou, 63 Choumert Road, London, SE15 4AR","PETITOU CAFE, 63 CHOUMERT ROAD, LONDON, SE15 4AR",51.4674158,-0.071612534,2.00003E+11,,,,,,,,,,,,,,,,,,,,,,,,,,,,,,,,,,,,,,,,,,,,,,,,
RD04,Terraced,"Pished fish smokery, 38 Shenley Road, London, SE5 8NN","38 SHENLEY ROAD, LONDON, SE5 8NN",51.47239687,-0.080877209,2.00003E+11,,,,,,,,,,,,,,,,,,,,,,,,,,,,,,,,,,,,,,,,,,,,,,,,
RD06,Self Contained Flat (Includes Maisonette / Apartment),"Pound time plus, 131 Queens Road, London, SE15 2NB","FIRST FLOOR BACK FLAT, QUAY HOUSE 2C, KINGS GROVE, LONDON, SE15 2NB",51.47389247,-0.058653219,2.00003E+11,,,,,,,,,,,,,,,,,,,,,,,,,,,,,,,,,,,,,,,,,,,,,,,,
CO01,Office / Work Studio,"Poundland, Unit 5 The Aylesham Centre, Rye Lane, London, SE15 5EW","TIGER MANAGEMENT, AYLESHAM CENTRE, RYE LANE, LONDON, SE15 5EW",51.47273616,-0.068681094,2.00003E+11,,,,,,,,,,,,,,,,,,,,,,,,,,,,,,,,,,,,,,,,,,,,,,,,
CI03,Workshop / Light Industrial,"Poundstretcher ltd, Unit 1 To 2 Bellenden Road Bu, Bellenden Road, London, SE15 4RF","UNIT 1, BELLENDEN ROAD BUSINESS CENTRE, BELLENDEN ROAD, LONDON, SE15 4RF",51.46912347,-0.073196329,2.00003E+11,,,,,,,,,,,,,,,,,,,,,,,,,,,,,,,,,,,,,,,,,,,,,,,,
CR08,Shop / Showroom,"Price cutter food & wine, 12 Peckham High Street, London, SE15 5DT","NANCY NEWSAGENT, 12 PECKHAM HIGH STREET, LONDON, SE15 5DT",51.47345114,-0.072783586,2.00003E+11,,,,,,,,,,,,,,,,,,,,,,,,,,,,,,,,,,,,,,,,,,,,,,,,
CR08,Shop / Showroom,"Primark, 51 Rye Lane, London, SE15 5EY","PRIMARK STORES LTD, 51 RYE LANE, LONDON, SE15 5EY",51.47187467,-0.06933664,2.00003E+11,,,,,,,,,,,,,,,,,,,,,,,,,,,,,,,,,,,,,,,,,,,,,,,,
CR06,Public House / Bar / Nightclub,"Prince albert, 111 Bellenden Road, London, SE15 4QY","PRINCE ALBERT, 111 BELLENDEN ROAD, LONDON, SE15 4QY",51.46826266,-0.072253532,2.00003E+11,,,,,,,,,,,,,,,,,,,,,,,,,,,,,,,,,,,,,,,,,,,,,,,,
CR06,Public House / Bar / Nightclub,"Pyrotechnist arms, 39 Nunhead Green, London, SE15 3QF","THE PYROTECHNISTS, 39 NUNHEAD GREEN, LONDON, SE15 3QF",51.46606148,-0.058208162,2.00003E+11,,,,,,,,,,,,,,,,,,,,,,,,,,,,,,,,,,,,,,,,,,,,,,,,
CR08,Shop / Showroom,"Queen's coffee bar, 2b Kings Grove, London, SE15 2NB","QUEENS COFFEE BAR, 2B KINGS GROVE, LONDON, SE15 2NB",51.47386884,-0.058855819,2.00003E+11,,,,,,,,,,,,,,,,,,,,,,,,,,,,,,,,,,,,,,,,,,,,,,,,
CR08,Shop / Showroom,"Queens kitchen, 23 Peckham High Street, London, SE15 5EB","QUEENS KITCHEN, 23 PECKHAM HIGH STREET, LONDON, SE15 5EB",51.4737439,-0.072540851,2.00003E+11,,,,,,,,,,,,,,,,,,,,,,,,,,,,,,,,,,,,,,,,,,,,,,,,
RI01,Care / Nursing Home,"Queens oak care centre, 64 Queens Road, London, SE15 2QL","QUEENS OAK CARE CENTRE, 64 QUEENS ROAD, LONDON, SE15 2QL",51.47352446,-0.060324804,2.00003E+11,,,,,,,,,,,,,,,,,,,,,,,,,,,,,,,,,,,,,,,,,,,,,,,,
X,Dual Use,"R c patel, 62 Nunhead Lane, London, SE15 3QE","62 NUNHEAD LANE, LONDON, SE15 3QE",51.46447263,-0.058923467,2.00003E+11,,,,,,,,,,,,,,,,,,,,,,,,,,,,,,,,,,,,,,,,,,,,,,,,
ZW99CH,Church,"Rainbow breakfast and after school club, Baptist Church, Amott Road, London, SE15 4HU","AMOTT ROAD BAPTIST CHURCH, AMOTT ROAD, LONDON, SE15 4HU",51.46348826,-0.071749317,2.00003E+11,,,,,,,,,,,,,,,,,,,,,,,,,,,,,,,,,,,,,,,,,,,,,,,,
CR08,Shop / Showroom,"Rakhs news, 157 Peckham Hill Street, London, SE15 5JZ","RAKIS NEWS, 157 PECKHAM HILL STREET, LONDON, SE15 5JZ",51.47464222,-0.068658188,2.00003E+11,,,,,,,,,,,,,,,,,,,,,,,,,,,,,,,,,,,,,,,,,,,,,,,,
CR06,Public House / Bar / Nightclub,"Red cow, Red Cow, 190 Peckham High Street, London, SE15 5EG","THE RED COW, 188 PECKHAM HIGH STREET, LONDON, SE15 5EG",51.47370454,-0.064147487,2.00003E+11,,,,,,,,,,,,,,,,,,,,,,,,,,,,,,,,,,,,,,,,,,,,,,,,
CM02,General Practice Surgery / Clinic,"Rising stars nursery, The Peckham Hill Street Surger, 143 Peckham Hill Street, London, SE15 5JZ","RISING STARS NURSERY, 143 PECKHAM HILL STREET, LONDON, SE15 5JZ",51.47496739,-0.068745254,2.00003E+11,,,,,,,,,,,,,,,,,,,,,,,,,,,,,,,,,,,,,,,,,,,,,,,,
CR08,Shop / Showroom,"Rnr green grocers, 146 Rye Lane, London, SE15 4RZ","K & K BUTCHERS, 146 RYE LANE, LONDON, SE15 4RZ",51.46827011,-0.067789843,2.00003E+11,,,,,,,,,,,,,,,,,,,,,,,,,,,,,,,,,,,,,,,,,,,,,,,,
CR08,Shop / Showroom,"Rock news, 46 Peckham Road, London, SE5 8PX","ROCKY NEWS, 46 PECKHAM ROAD, LONDON, SE5 8PX",51.47343384,-0.081049682,2.00003E+11,,,,,,,,,,,,,,,,,,,,,,,,,,,,,,,,,,,,,,,,,,,,,,,,
CR08,Shop / Showroom,"Roosters hut, 177 Rye Lane, London, SE15 4TP","CHICKEN COTTAGE, 177 RYE LANE, LONDON, SE15 4TP",51.46818684,-0.067102259,2.00003E+11,,,,,,,,,,,,,,,,,,,,,,,,,,,,,,,,,,,,,,,,,,,,,,,,
CR08,Shop / Showroom,"Ropharm chemist, 169 Rye Lane, London, SE15 4TL","ROPHARM CHEMIST, 169 RYE LANE, LONDON, SE15 4TL",51.46846684,-0.067176814,2.00003E+11,,,,,,,,,,,,,,,,,,,,,,,,,,,,,,,,,,,,,,,,,,,,,,,,
CR08,Shop / Showroom,"Royal caribbean spice bakery, 170 Bellenden Road, London, SE15 4BW","CARIBBEAN SPICE BAKERY, 170 BELLENDEN ROAD, LONDON, SE15 4BW",51.46728172,-0.072755602,2.00003E+11,,,,,,,,,,,,,,,,,,,,,,,,,,,,,,,,,,,,,,,,,,,,,,,,
CI04,Warehouse / Store / Storage Depot,"Royal mail, Peckham Delivery Office, 2 Highshore Road, London, SE15 5AU","ROYAL MAIL, PECKHAM DELIVERY OFFICE 2, HIGHSHORE ROAD, LONDON, SE15 5AU",51.47176593,-0.07092513,2.00003E+11,,,,,,,,,,,,,,,,,,,,,,,,,,,,,,,,,,,,,,,,,,,,,,,,
RD04,Terraced,"Ruby colls house, 15 Colls Road, London, SE15 2NS","15 COLLS ROAD, LONDON, SE15 2NS",51.47504248,-0.053708344,2.00003E+11,,,,,,,,,,,,,,,,,,,,,,,,,,,,,,,,,,,,,,,,,,,,,,,,
CR08,Shop / Showroom,"Rudds, 121 Evelina Road, London, SE15 3HB","RUDD & SON GREENGROCERS, 121 EVELINA ROAD, LONDON, SE15 3HB",51.46613315,-0.056563823,2.00003E+11,,,,,,,,,,,,,,,,,,,,,,,,,,,,,,,,,,,,,,,,,,,,,,,,
RD06,Self Contained Flat (Includes Maisonette / Apartment),"Rye express, Unit 1, 137 Rye Lane, London, SE15 4ST","FLAT 6, THALIA COURT, 137 RYE LANE, LONDON, SE15 4ST",51.46945584,-0.067710951,10013525745,,,,,,,,,,,,,,,,,,,,,,,,,,,,,,,,,,,,,,,,,,,,,,,,
CR08,Shop / Showroom,"Rye lane news and off licence, 164 Rye Lane, London, SE15 4NB","RYE LANE NEWS, 164 RYE LANE, LONDON, SE15 4NB",51.46777916,-0.067465037,2.00003E+11,,,,,,,,,,,,,,,,,,,,,,,,,,,,,,,,,,,,,,,,,,,,,,,,
X,Dual Use,"Rye news, 34 Peckham Rye, London, SE15 4JR","RYE NEWS, 34 PECKHAM RYE, LONDON, SE15 4JR",51.46564437,-0.066705802,2.00003E+11,,,,,,,,,,,,,,,,,,,,,,,,,,,,,,,,,,,,,,,,,,,,,,,,
CE03PS,Primary School,"Rye oak school & childrens centre, Rye Oak Primary School, Whorlton Road, London, SE15 3PD","RYE OAK PRIMARY SCHOOL, WHORLTON ROAD, LONDON, SE15 3PD",51.46452461,-0.063153926,2.00003E+11,,,,,,,,,,,,,,,,,,,,,,,,,,,,,,,,,,,,,,,,,,,,,,,,
CR08,Shop / Showroom,"S g convenience store (grocery), 40 Nunhead Lane, London, SE15 3TU","S G CONVENIENCE, 40 NUNHEAD LANE, LONDON, SE15 3TU",51.46385924,-0.06152649,2.00003E+11,,,,,,,,,,,,,,,,,,,,,,,,,,,,,,,,,,,,,,,,,,,,,,,,
CR08,Shop / Showroom,"Sabinah food store, 8 Choumert Road, London, SE15 4SE","MARAMPA KAYA, 8 CHOUMERT ROAD, LONDON, SE15 4SE",51.46823962,-0.068122285,2.00003E+11,,,,,,,,,,,,,,,,,,,,,,,,,,,,,,,,,,,,,,,,,,,,,,,,
RI01,Care / Nursing Home,"Saffronland homes, 29 Fenwick Road, London, SE15 4HS","29 FENWICK ROAD, LONDON, SE15 4HS",51.46339313,-0.068701281,2.00003E+11,,,,,,,,,,,,,,,,,,,,,,,,,,,,,,,,,,,,,,,,,,,,,,,,
CR08,Shop / Showroom,"Sakhi quality meat, 6 Rye Lane, London, SE15 5BS","SAKHI, 6 RYE LANE, LONDON, SE15 5BS",51.4728587,-0.070115861,2.00003E+11,,,,,,,,,,,,,,,,,,,,,,,,,,,,,,,,,,,,,,,,,,,,,,,,
CR08,Shop / Showroom,"Sakisatu foods, Unit 27 K&S Indoor Market, 135a Rye Lane, London, SE15 4ST","K & S INDOOR MARKET, 135A RYE LANE, LONDON, SE15 4ST",51.46980818,-0.06726411,2.00003E+11,,,,,,,,,,,,,,,,,,,,,,,,,,,,,,,,,,,,,,,,,,,,,,,,
CR08,Shop / Showroom,"Sam's kebab, 163 Bellenden Road, London, SE15 4DH","SAMS KEBABS, 163 BELLENDEN ROAD, LONDON, SE15 4DH",51.46660679,-0.072726452,2.00003E+11,,,,,,,,,,,,,,,,,,,,,,,,,,,,,,,,,,,,,,,,,,,,,,,,
CR08,Shop / Showroom,"Seafood superstores, 213 Rye Lane, London, SE15 4TP","LONDON SEAFOOD LTD, 213 RYE LANE, LONDON, SE15 4TP",51.46755586,-0.066466628,2.00003E+11,,,,,,,,,,,,,,,,,,,,,,,,,,,,,,,,,,,,,,,,,,,,,,,,
CR08,Shop / Showroom,"Shangeetha supermarket limited, 58 Peckham High Street, London, SE15 5DP","CRACKERJACKS, 58 PECKHAM HIGH STREET, LONDON, SE15 5DP",51.47310631,-0.070407801,2.00003E+11,,,,,,,,,,,,,,,,,,,,,,,,,,,,,,,,,,,,,,,,,,,,,,,,
X,Dual Use,"Silver fish bar, 50 Gibbon Road, London, SE15 3XE","50 GIBBON ROAD, LONDON, SE15 3XE",51.46709342,-0.051570232,2.00003E+11,,,,,,,,,,,,,,,,,,,,,,,,,,,,,,,,,,,,,,,,,,,,,,,,
CR08,Shop / Showroom,"Small white elephant, 28 Choumert Road, London, SE15 4SE","SMALL WHITE ELEPHANT LTD, 28 CHOUMERT ROAD, LONDON, SE15 4SE",51.46816751,-0.068658055,2.00003E+11,,,,,,,,,,,,,,,,,,,,,,,,,,,,,,,,,,,,,,,,,,,,,,,,
CC04,Public / Village Hall / Other Community Facility,"Solochi food and drink ltd, Albrighton Community Centre, 37 Albrighton Road, London, SE22 8AH","ALBRIGHTON COMMUNITY CENTRE, 37 ALBRIGHTON ROAD, LONDON, SE22 8AH",51.46461219,-0.081606948,2.00003E+11,,,,,,,,,,,,,,,,,,,,,,,,,,,,,,,,,,,,,,,,,,,,,,,,
RD06,Self Contained Flat (Includes Maisonette / Apartment),"Souhampton way care home, 296 Southampton Way, London, SE5 7HQ","FLAT 4, 296 SOUTHAMPTON WAY, LONDON, SE5 7HQ",51.47550415,-0.078975563,2.00003E+11,,,,,,,,,,,,,,,,,,,,,,,,,,,,,,,,,,,,,,,,,,,,,,,,
CC,Community Services,"Southwark day centre for asylum seekers, Copleston Centre, Copleston Road, London, SE15 4AN","COPLESTON CENTRE, COPLESTON ROAD, LONDON, SE15 4AN",51.46582254,-0.076992274,2.00003E+11,,,,,,,,,,,,,,,,,,,,,,,,,,,,,,,,,,,,,,,,,,,,,,,,
X,Dual Use,"Spices, 91 Evelina Road, London, SE15 3HL","CROSSWAYS CAFE, 93 EVELINA ROAD, LONDON, SE15 3HL",51.46676037,-0.055342177,2.00003E+11,,,,,,,,,,,,,,,,,,,,,,,,,,,,,,,,,,,,,,,,,,,,,,,,
CR08,Shop / Showroom,"Spinners bakery ltd, 165 Rye Lane, London, SE15 4TL","SPINNERS BAKERY, 165 RYE LANE, LONDON, SE15 4TL",51.46855009,-0.067317277,2.00003E+11,,,,,,,,,,,,,,,,,,,,,,,,,,,,,,,,,,,,,,,,,,,,,,,,
RI01,Care / Nursing Home,"St andrews nursing home, 64 Choumert Road, London, SE15 4AX","ST. ANDREWS NURSING HOME, 64 CHOUMERT ROAD, LONDON, SE15 4AX",51.46794126,-0.070755302,2.00003E+11,,,,,,,,,,,,,,,,,,,,,,,,,,,,,,,,,,,,,,,,,,,,,,,,
RD02,Detached,"St. thomas the apostle church (licensed bar), 81 Evelina Road, London, SE15 3HL","ST. THOMAS THE APOSTLE CHURCH, 81 EVELINA ROAD, LONDON, SE15 3HL",51.46740674,-0.054191671,2.00003E+11,,,,,,,,,,,,,,,,,,,,,,,,,,,,,,,,,,,,,,,,,,,,,,,,
RD02,Detached,"St. thomas the apostle church (place of worship/church), 81 Evelina Road, London, SE15 3HL","ST. THOMAS THE APOSTLE CHURCH, 81 EVELINA ROAD, LONDON, SE15 3HL",51.46740674,-0.054191671,2.00003E+11,,,,,,,,,,,,,,,,,,,,,,,,,,,,,,,,,,,,,,,,,,,,,,,,
CE05,University,"Staff bar - camberwell college of arts and design, 45 Peckham Road, London, SE5 8UF","CAMBERWELL COLLEGE OF ARTS, 45 PECKHAM ROAD, LONDON, SE5 8UF",51.47411664,-0.079912243,2.00003E+11,,,,,,,,,,,,,,,,,,,,,,,,,,,,,,,,,,,,,,,,,,,,,,,,
X,Dual Use,"Star noodles, 114 Rye Lane, London, SE15 4RZ","STARNOODLE, 114 RYE LANE, LONDON, SE15 4RZ",51.46901364,-0.068161581,2.00003E+11,,,,,,,,,,,,,,,,,,,,,,,,,,,,,,,,,,,,,,,,,,,,,,,,
CR08,Shop / Showroom,"Stella's groceries and vegetables limited, 154 Rye Lane, London, SE15 4NB","STELLA, 154 RYE LANE, LONDON, SE15 4NB",51.46802463,-0.067627439,2.00003E+11,,,,,,,,,,,,,,,,,,,,,,,,,,,,,,,,,,,,,,,,,,,,,,,,
RD06,Self Contained Flat (Includes Maisonette / Apartment),"Subway peckham, 1 Central Buildings, Rye Lane, London, SE15 5DW","FLAT D, 1 CENTRAL BUILDINGS, RYE LANE, LONDON, SE15 5DW",51.47317299,-0.070088198,10009804747,,,,,,,,,,,,,,,,,,,,,,,,,,,,,,,,,,,,,,,,,,,,,,,,
CR08,Shop / Showroom,"Superdrug stores plc, 38 Rye Lane, London, SE15 5BY","SUPERDRUG STORES PLC, 42 RYE LANE, LONDON, SE15 5BY",51.47143317,-0.069830446,2.00003E+11,,,,,,,,,,,,,,,,,,,,,,,,,,,,,,,,,,,,,,,,,,,,,,,,
CR08,Shop / Showroom,"Swaizie food store, 1a Choumert Road, London, SE15 4SE","AUGUSTAS OFF LICENSE, 1A CHOUMERT ROAD, LONDON, SE15 4SE",51.46792699,-0.068250673,2.00003E+11,,,,,,,,,,,,,,,,,,,,,,,,,,,,,,,,,,,,,,,,,,,,,,,,
X,Dual Use,"T & s afro cosmetics and food and wine, 213A Rye Lane, London, SE15 4TP","T & S AFRO COSMETICS, 213A RYE LANE, LONDON, SE15 4TP",51.46752701,-0.066352666,2.00003E+11,,,,,,,,,,,,,,,,,,,,,,,,,,,,,,,,,,,,,,,,,,,,,,,,
CR08,Shop / Showroom,"Tastes, 12a Rye Lane, London, SE15 5BS","12A RYE LANE, LONDON, SE15 5BS",51.47265036,-0.070023859,2.00003E+11,,,,,,,,,,,,,,,,,,,,,,,,,,,,,,,,,,,,,,,,,,,,,,,,
CR08,Shop / Showroom,"Tesco stores ltd, 151 Queens Road, London, SE15 2ND","TESCO, 151 QUEENS ROAD, LONDON, SE15 2ND",51.47362481,-0.057152615,2.00003E+11,,,,,,,,,,,,,,,,,,,,,,,,,,,,,,,,,,,,,,,,,,,,,,,,
CR08,Shop / Showroom,"Tesco stores ltd, Unit 1, 265 Rye Lane, London, SE15 4UR","TESCO, CO OPERATIVE HOUSE, 265 RYE LANE, LONDON, SE15 4UR",51.466411,-0.065751964,10013525267,,,,,,,,,,,,,,,,,,,,,,,,,,,,,,,,,,,,,,,,,,,,,,,,
RD06,Self Contained Flat (Includes Maisonette / Apartment),"The beer rebellion, 129 Queens Road, London, SE15 2NB","SECOND FLOOR TOP FLAT, QUAY HOUSE 2C, KINGS GROVE, LONDON, SE15 2NB",51.47392133,-0.058767192,10009796438,,,,,,,,,,,,,,,,,,,,,,,,,,,,,,,,,,,,,,,,,,,,,,,,
PP,Property Shell,"The begging bowl, Part Ground Floor, 168 Bellenden Road, London, SE15 4BW","THE BEGGING BOWL, 168 BELLENDEN ROAD, LONDON, SE15 4BW",51.46731034,-0.07285518,2.00003E+11,,,,,,,,,,,,,,,,,,,,,,,,,,,,,,,,,,,,,,,,,,,,,,,,
CR06,Public House / Bar / Nightclub,"The cadeleigh arms, 43 Lyndhurst Grove, London, SE15 5AN","CADLEIGH ARMS, 43 LYNDHURST GROVE, LONDON, SE15 5AN",51.47024658,-0.079714768,2.00003E+11,,,,,,,,,,,,,,,,,,,,,,,,,,,,,,,,,,,,,,,,,,,,,,,,
CC08,Community Service Centre / Office,"The camden society, 133 Queens Road, London, SE15 2ND","THE CAMDEN SOCIETY, QUEENS ROAD DAY CENTRE 133, QUEENS ROAD, LONDON, SE15 2ND",51.47368245,-0.05846054,10000816788,,,,,,,,,,,,,,,,,,,,,,,,,,,,,,,,,,,,,,,,,,,,,,,,
CO01,Office / Work Studio,"The childrens society, 91 Queens Road, London, SE15 2EZ","THE CHILDRENS SOCIETY, 91 QUEENS ROAD, LONDON, SE15 2EZ",51.47417623,-0.060585153,2.00003E+11,,,,,,,,,,,,,,,,,,,,,,,,,,,,,,,,,,,,,,,,,,,,,,,,
CR08,Shop / Showroom,"The clf art cafe, 133 Copeland Road, London, SE15 3SN","BABOO (WHOLESALE MEATS) LTD, UNIT 8, INDUSTRIAL PARK, 133 COPELAND ROAD, LONDON, SE15 3SN",51.47000756,-0.065765147,2.00003E+11,,,,,,,,,,,,,,,,,,,,,,,,,,,,,,,,,,,,,,,,,,,,,,,,
CR06,Public House / Bar / Nightclub,"The golden anchor, 16 Evelina Road, London, SE15 2DX","THE GOLDEN ANCHOR, 16 EVELINA ROAD, LONDON, SE15 2DX",51.46943618,-0.052391918,2.00003E+11,,,,,,,,,,,,,,,,,,,,,,,,,,,,,,,,,,,,,,,,,,,,,,,,
CR08,Shop / Showroom,"The great wall, 24 Nunhead Green, London, SE15 3QF","THE GREAT WALL, 24 NUNHEAD GREEN, LONDON, SE15 3QF",51.46512738,-0.058276611,2.00003E+11,,,,,,,,,,,,,,,,,,,,,,,,,,,,,,,,,,,,,,,,,,,,,,,,
CR06,Public House / Bar / Nightclub,"The greyhound, 109 Peckham High Street, London, SE15 5SE","THE GREYHOUND, 109 PECKHAM HIGH STREET, LONDON, SE15 5SE",51.47416452,-0.068591966,2.00003E+11,,,,,,,,,,,,,,,,,,,,,,,,,,,,,,,,,,,,,,,,,,,,,,,,
OR04,Additional Mail / Packet Addressee,"The kentish drovers, 71 Peckham High Street, London, SE15 5RS","KENTISH DROVERS, 71 PECKHAM HIGH STREET, LONDON, SE15 5RS",51.4736961,-0.070181317,10091837913,,,,,,,,,,,,,,,,,,,,,,,,,,,,,,,,,,,,,,,,,,,,,,,,
X,Dual Use,"The lovely house, 119 Bellenden Road, London, SE15 4QY","LOVELY HOUSE RESTAURANT, 119 BELLENDEN ROAD, LONDON, SE15 4QY",51.4679032,-0.072268683,2.00003E+11,,,,,,,,,,,,,,,,,,,,,,,,,,,,,,,,,,,,,,,,,,,,,,,,
CR08,Shop / Showroom,"The melange chocolate, 184 Bellenden Road, London, SE15 4BW","THE MELANGE CHOCOLATE, 184 BELLENDEN ROAD, LONDON, SE15 4BW",51.46703294,-0.072938856,2.00003E+11,,,,,,,,,,,,,,,,,,,,,,,,,,,,,,,,,,,,,,,,,,,,,,,,
CR08,Shop / Showroom,"The mighty pound, Unit 2, 117 Rye Lane, London, SE15 4ST","MIGHTY POUND, 117 RYE LANE, LONDON, SE15 4ST",51.47025921,-0.068440133,2.00003E+11,,,,,,,,,,,,,,,,,,,,,,,,,,,,,,,,,,,,,,,,,,,,,,,,
CR06,Public House / Bar / Nightclub,"The montpelier, 43 Choumert Road, London, SE15 4AR","THE MONTPELIER, 43 CHOUMERT ROAD, LONDON, SE15 4AR",51.46756429,-0.070252884,2.00003E+11,,,,,,,,,,,,,,,,,,,,,,,,,,,,,,,,,,,,,,,,,,,,,,,,
CR06,Public House / Bar / Nightclub,"The nags head, 231 Rye Lane, London, SE15 4TP","THE NAGS HEAD, 231 RYE LANE, LONDON, SE15 4TP",51.46721269,-0.065833242,2.00003E+11,,,,,,,,,,,,,,,,,,,,,,,,,,,,,,,,,,,,,,,,,,,,,,,,
RD06,Self Contained Flat (Includes Maisonette / Apartment),"The peckham pelican, Pelican House, 92 Peckham Road, London, SE15 5PY","FLAT 7, PELICAN HOUSE, 92 PECKHAM ROAD, LONDON, SE15 5PY",51.47405151,-0.077035021,10009805551,,,,,,,,,,,,,,,,,,,,,,,,,,,,,,,,,,,,,,,,,,,,,,,,
CR06,Public House / Bar / Nightclub,"The victorian inn, Victoria Inn, 77 Choumert Road, London, SE15 4AR","THE VICTORIA INN, 77 CHOUMERT ROAD, LONDON, SE15 4AR",51.46737016,-0.072118377,2.00003E+11,,,,,,,,,,,,,,,,,,,,,,,,,,,,,,,,,,,,,,,,,,,,,,,,
PP,Property Shell,"The villa nursery, 54 Lyndhurst Grove, London, SE15 5AH","54 LYNDHURST GROVE, LONDON, SE15 5AH",51.46988272,-0.077815049,2.00003E+11,,,,,,,,,,,,,,,,,,,,,,,,,,,,,,,,,,,,,,,,,,,,,,,,
X,Dual Use,"The white horse, 20 Peckham Rye, London, SE15 4JR","WHITE HORSE, 20 PECKHAM RYE, LONDON, SE15 4JR",51.46605045,-0.067336516,2.00003E+11,,,,,,,,,,,,,,,,,,,,,,,,,,,,,,,,,,,,,,,,,,,,,,,,
CR08,Shop / Showroom,"Three c's, 184 Rye Lane, London, SE15 4NF","CROSSWAYS, 184 RYE LANE, LONDON, SE15 4NF",51.46724727,-0.066839616,2.00003E+11,,,,,,,,,,,,,,,,,,,,,,,,,,,,,,,,,,,,,,,,,,,,,,,,
CR08,Shop / Showroom,"Timgrace variety stores, 94 Peckham High Street, London, SE15 5ED","TIMOGRACE VARIETY STORES, 94 PECKHAM HIGH STREET, LONDON, SE15 5ED",51.47366602,-0.068901015,2.00003E+11,,,,,,,,,,,,,,,,,,,,,,,,,,,,,,,,,,,,,,,,,,,,,,,,
CR08,Shop / Showroom,"Tops caribbean, 173 Queens Road, London, SE15 2ND","TOPS CARRIBEAN, 173 QUEENS ROAD, LONDON, SE15 2ND",51.47355165,-0.056536538,2.00003E+11,,,,,,,,,,,,,,,,,,,,,,,,,,,,,,,,,,,,,,,,,,,,,,,,
CI04,Warehouse / Store / Storage Depot,"Total uk ltd (spar), 37 Peckham Road, London, SE5 8UH","BUNGALOW, 37 PECKHAM ROAD, LONDON, SE5 8UH",51.47392782,-0.081561742,2.00003E+11,,,,,,,,,,,,,,,,,,,,,,,,,,,,,,,,,,,,,,,,,,,,,,,,
CR08,Shop / Showroom,"Truly african ltd, 94 Rye Lane, London, SE15 4RZ","LAY CASH & CARRY, 94 RYE LANE, LONDON, SE15 4RZ",51.46945091,-0.068503069,2.00003E+11,,,,,,,,,,,,,,,,,,,,,,,,,,,,,,,,,,,,,,,,,,,,,,,,
CR08,Shop / Showroom,"Two sisters, 4 Gibbon Road, London, SE15 2AS","TWO SISTERS TANDOORI, 4 GIBBON ROAD, LONDON, SE15 2AS",51.46840968,-0.052853175,2.00003E+11,,,,,,,,,,,,,,,,,,,,,,,,,,,,,,,,,,,,,,,,,,,,,,,,
CR08,Shop / Showroom,"Uk food store ltd, 30 Rye Lane, London, SE15 5BS","UK FOODS, 30 RYE LANE, LONDON, SE15 5BS",51.47189645,-0.070113274,2.00003E+11,,,,,,,,,,,,,,,,,,,,,,,,,,,,,,,,,,,,,,,,,,,,,,,,
CR08,Shop / Showroom,"United meats butchers, 62 Peckham High Street, London, SE15 5DP","UNITED MEATS, 62 PECKHAM HIGH STREET, LONDON, SE15 5DP",51.47311316,-0.070277916,2.00003E+11,,,,,,,,,,,,,,,,,,,,,,,,,,,,,,,,,,,,,,,,,,,,,,,,
X,Dual Use,"United newsagents ltd, 104 Peckham High Street, London, SE15 5ED","NEWS MARK, 104 PECKHAM HIGH STREET, LONDON, SE15 5ED",51.47368635,-0.068496965,2.00003E+11,,,,,,,,,,,,,,,,,,,,,,,,,,,,,,,,,,,,,,,,,,,,,,,,
CR08,Shop / Showroom,"Vestry fish bar, 35 Vestry Road, London, SE5 8PG","35 VESTRY ROAD, LONDON, SE5 8PG",51.47110274,-0.082025831,2.00003E+11,,,,,,,,,,,,,,,,,,,,,,,,,,,,,,,,,,,,,,,,,,,,,,,,
CR08,Shop / Showroom,"Victory food store, 82 Peckham High Street, London, SE15 5ED","VICTORY FOOD & WINE, 82 PECKHAM HIGH STREET, LONDON, SE15 5ED",51.47353668,-0.069237669,2.00003E+11,,,,,,,,,,,,,,,,,,,,,,,,,,,,,,,,,,,,,,,,,,,,,,,,
CR08,Shop / Showroom,"Village grocer, 178 Bellenden Road, London, SE15 4BW","PAYLESS FOOD, 178 BELLENDEN ROAD, LONDON, SE15 4BW",51.46710412,-0.072892664,10000809629,,,,,,,,,,,,,,,,,,,,,,,,,,,,,,,,,,,,,,,,,,,,,,,,
CR08,Shop / Showroom,"Wang jia supermarket, 205 Rye Lane, London, SE15 4TP","WANG JIA SUPERMARKET, 205 RYE LANE, LONDON, SE15 4TP",51.46769398,-0.066662359,2.00003E+11,,,,,,,,,,,,,,,,,,,,,,,,,,,,,,,,,,,,,,,,,,,,,,,,
CR08,Shop / Showroom,"Welcome to jamaican village of vegetable, Forecourt After, 125 Rye Lane, London, SE15 4ST","RYE LANE CHINESE, 125 RYE LANE, LONDON, SE15 4ST",51.47014049,-0.068329959,10000812933,,,,,,,,,,,,,,,,,,,,,,,,,,,,,,,,,,,,,,,,,,,,,,,,
X,Dual Use,"Westminster house youth club, 29 Nunhead Grove, London, SE15 3LZ","WESTMINSTER HOUSE YOUTH CLUB, 29 NUNHEAD GROVE, LONDON, SE15 3LZ",51.46450214,-0.057648529,2.00003E+11,,,,,,,,,,,,,,,,,,,,,,,,,,,,,,,,,,,,,,,,,,,,,,,,
CR08,Shop / Showroom,"Wing tai chinese supermarket, Unit 11a The Aylesham Centre, Rye Lane, London, SE15 5EW","WING TAI CHINESE SUPERMARKET, UNIT 11A, AYLESHAM CENTRE, RYE LANE, LONDON, SE15 5EW",51.47273616,-0.068681094,2.00003E+11,,,,,,,,,,,,,,,,,,,,,,,,,,,,,,,,,,,,,,,,,,,,,,,,
CO01,Office / Work Studio,"Wing tai restaurant, Unit 15 The Aylesham Centre, Rye Lane, London, SE15 5EW","TIGER MANAGEMENT, AYLESHAM CENTRE, RYE LANE, LONDON, SE15 5EW",51.47273616,-0.068681094,2.00003E+11,,,,,,,,,,,,,,,,,,,,,,,,,,,,,,,,,,,,,,,,,,,,,,,,
X,Dual Use,"Yesil irmak, 107 Peckham High Street, London, SE15 5RS","YESIL IRMAK, 107 PECKHAM HIGH STREET, LONDON, SE15 5RS",51.47404393,-0.068913855,2.00003E+11,,,,,,,,,,,,,,,,,,,,,,,,,,,,,,,,,,,,,,,,,,,,,,,,
CR08,Shop / Showroom,"Yilmaz kebab, 277 Rye Lane, London, SE15 4UA","YILMAZ, 277 RYE LANE, LONDON, SE15 4UA",51.4661504,-0.065762985,2.00003E+11,,,,,,,,,,,,,,,,,,,,,,,,,,,,,,,,,,,,,,,,,,,,,,,,
X,Dual Use,"Yogi newsfare, 123 Bellenden Road, London, SE15 4QY","YOGI, 123 BELLENDEN ROAD, LONDON, SE15 4QY",51.46781334,-0.07227247,2.00003E+11,,,,,,,,,,,,,,,,,,,,,,,,,,,,,,,,,,,,,,,,,,,,,,,,
CR08,Shop / Showroom,"Yop city le marche, 32a Peckham High Street, London, SE15 5DP","A E WILSON CYCLES, 32 PECKHAM HIGH STREET, LONDON, SE15 5DP",51.47330498,-0.071551383,2.00003E+11,,,,,,,,,,,,,,,,,,,,,,,,,,,,,,,,,,,,,,,,,,,,,,,,
CO01GV,Central Government Service,"Young parents education centre, 18 St Marys Road, London, SE15 2DW","SOUTHWARK EDUCATION SUPPORT, 18 ST. MARY'S ROAD, LONDON, SE15 2DW",51.47202493,-0.055031911,2.00003E+11,,,,,,,,,,,,,,,,,,,,,,,,,,,,,,,,,,,,,,,,,,,,,,,,
CR08,Shop / Showroom,"Z a afro foods, 80 Rye Lane, London, SE15 4RY","ZA AFRO FOOD, 80 RYE LANE, LONDON, SE15 4RY",51.47002322,-0.06885326,2.00003E+11,,,,,,,,,,,,,,,,,,,,,,,,,,,,,,,,,,,,,,,,,,,,,,,,
CR08,Shop / Showroom,"Z a butchers, 80 Rye Lane, London, SE15 4RY","ZA AFRO FOOD, 80 RYE LANE, LONDON, SE15 4RY",51.47002322,-0.06885326,2.00003E+11,,,,,,,,,,,,,,,,,,,,,,,,,,,,,,,,,,,,,,,,,,,,,,,,
CR08,Shop / Showroom,"Zara's tropical food store, 64 Peckham High Street, London, SE15 5DP","SUPERMALTS, 64 PECKHAM HIGH STREET, LONDON, SE15 5DP",51.4731037,-0.070249516,2.00003E+11,,,,,,,,,,,,,,,,,,,,,,,,,,,,,,,,,,,,,,,,,,,,,,,,
